user_id,policy_num,last_t,entry_t,calendar_t,action1prob,intercept,action,reward,past_action_1,past_reward,past_action_1_reward,dosage,in_study,in_study_row_index,pretreat_feature1,pretreat_feature2,Z_id
1,1.0,50,1,1,0.30107581615448,1,0.0,-0.15599144149821842,0.0,0.7519521483495167,0.0,0.0,1,0,1.6928619891755148,0.7940096409578267,1
1,2.0,50,1,2,0.18343743681907654,1,0.0,0.06290353782781014,0.0,-0.15599144149821842,-0.0,0.0,1,1,1.6928619891755148,0.7940096409578267,1
1,3.0,50,1,3,0.21808555722236633,1,1.0,-0.833095266332687,0.0,0.06290353782781014,0.0,0.0,1,2,1.6928619891755148,0.7940096409578267,1
1,4.0,50,1,4,0.13353392481803894,1,0.0,0.014066545920739942,1.0,-0.833095266332687,-0.833095266332687,0.050000000000000044,1,3,1.6928619891755148,0.7940096409578267,1
1,5.0,50,1,5,0.20815876126289368,1,1.0,0.7374598629417202,0.0,0.014066545920739942,0.0,0.04750000000000004,1,4,1.6928619891755148,0.7940096409578267,1
1,6.0,50,1,6,0.35846954584121704,1,1.0,1.7821342565035851,1.0,0.7374598629417202,0.7374598629417202,0.09512500000000007,1,5,1.6928619891755148,0.7940096409578267,1
1,7.0,50,1,7,0.6620553135871887,1,1.0,0.5554327002089421,1.0,1.7821342565035851,1.7821342565035851,0.1403687500000001,1,6,1.6928619891755148,0.7940096409578267,1
1,8.0,50,1,8,0.3120935261249542,1,0.0,-0.4950402275193988,1.0,0.5554327002089421,0.5554327002089421,0.18335031250000014,1,7,1.6928619891755148,0.7940096409578267,1
1,9.0,50,1,9,0.1540084183216095,1,0.0,-1.2378146034551176,0.0,-0.4950402275193988,-0.0,0.17418279687500013,1,8,1.6928619891755148,0.7940096409578267,1
1,10.0,50,1,10,0.11758847534656525,1,0.0,-1.8324956833613983,0.0,-1.2378146034551176,-0.0,0.1654736570312501,1,9,1.6928619891755148,0.7940096409578267,1
1,11.0,50,1,11,0.1067037433385849,1,0.0,-1.3224842109108712,0.0,-1.8324956833613983,-0.0,0.1571999741796876,1,10,1.6928619891755148,0.7940096409578267,1
1,12.0,50,1,12,0.11462460458278656,1,1.0,-1.6717701306498158,0.0,-1.3224842109108712,-0.0,0.1493399754707032,1,11,1.6928619891755148,0.7940096409578267,1
1,13.0,50,1,13,0.10824957489967346,1,1.0,-0.005838157300920077,1.0,-1.6717701306498158,-1.6717701306498158,0.1918729766971681,1,12,1.6928619891755148,0.7940096409578267,1
1,14.0,50,1,14,0.2017059028148651,1,1.0,-1.2908706689523664,1.0,-0.005838157300920077,-0.005838157300920077,0.23227932786230973,1,13,1.6928619891755148,0.7940096409578267,1
1,15.0,50,1,15,0.11481253802776337,1,0.0,-0.4827152974731691,1.0,-1.2908706689523664,-1.2908706689523664,0.2706653614691943,1,14,1.6928619891755148,0.7940096409578267,1
1,16.0,50,1,16,0.15099485218524933,1,0.0,-1.5463726949773697,0.0,-0.4827152974731691,-0.0,0.25713209339573456,1,15,1.6928619891755148,0.7940096409578267,1
1,17.0,50,1,17,0.10979189723730087,1,0.0,-1.0333009529168353,0.0,-1.5463726949773697,-0.0,0.24427548872594781,1,16,1.6928619891755148,0.7940096409578267,1
1,18.0,50,1,18,0.1217803955078125,1,0.0,-0.3591425095172758,0.0,-1.0333009529168353,-0.0,0.23206171428965042,1,17,1.6928619891755148,0.7940096409578267,1
1,19.0,50,1,19,0.16085758805274963,1,0.0,0.4421461744362783,0.0,-0.3591425095172758,-0.0,0.22045862857516788,1,18,1.6928619891755148,0.7940096409578267,1
1,20.0,50,1,20,0.28380605578422546,1,1.0,0.3609357827750286,0.0,0.4421461744362783,0.0,0.2094356971464095,1,19,1.6928619891755148,0.7940096409578267,1
1,21.0,50,1,21,0.2659297287464142,1,1.0,0.9032306710187818,1.0,0.3609357827750286,0.3609357827750286,0.24896391228908904,1,20,1.6928619891755148,0.7940096409578267,1
1,22.0,50,1,22,0.4079859256744385,1,0.0,0.6489443236188276,1.0,0.9032306710187818,0.9032306710187818,0.28651571667463466,1,21,1.6928619891755148,0.7940096409578267,1
1,23.0,50,1,23,0.3350450098514557,1,1.0,0.8530341052926484,0.0,0.6489443236188276,0.0,0.2721899308409029,1,22,1.6928619891755148,0.7940096409578267,1
1,24.0,50,1,24,0.3927156925201416,1,0.0,-0.7297426172567744,1.0,0.8530341052926484,0.8530341052926484,0.3085804342988578,1,23,1.6928619891755148,0.7940096409578267,1
1,25.0,50,1,25,0.13448113203048706,1,0.0,-0.4554249218853518,0.0,-0.7297426172567744,-0.0,0.29315141258391486,1,24,1.6928619891755148,0.7940096409578267,1
1,26.0,50,1,26,0.1524541676044464,1,0.0,-1.625830368666393,0.0,-0.4554249218853518,-0.0,0.2784938419547191,1,25,1.6928619891755148,0.7940096409578267,1
1,27.0,50,1,27,0.10844924300909042,1,0.0,-1.285575138579918,0.0,-1.625830368666393,-0.0,0.2645691498569831,1,26,1.6928619891755148,0.7940096409578267,1
1,28.0,50,1,28,0.11450857669115067,1,0.0,-0.4480832920525759,0.0,-1.285575138579918,-0.0,0.2513406923641339,1,27,1.6928619891755148,0.7940096409578267,1
1,29.0,50,1,29,0.15322211384773254,1,0.0,-0.6813601460574294,0.0,-0.4480832920525759,-0.0,0.2387736577459272,1,28,1.6928619891755148,0.7940096409578267,1
1,30.0,50,1,30,0.1372367888689041,1,1.0,-1.228651242510476,0.0,-0.6813601460574294,-0.0,0.22683497485863086,1,29,1.6928619891755148,0.7940096409578267,1
1,31.0,50,1,31,0.11588380485773087,1,0.0,0.32119224377092476,1.0,-1.228651242510476,-1.228651242510476,0.26549322611569937,1,30,1.6928619891755148,0.7940096409578267,1
1,32.0,50,1,32,0.25684213638305664,1,0.0,0.7870266238007533,0.0,0.32119224377092476,0.0,0.2522185648099144,1,31,1.6928619891755148,0.7940096409578267,1
1,33.0,50,1,33,0.3722243309020996,1,1.0,1.1925722403706989,0.0,0.7870266238007533,0.0,0.23960763656941866,1,32,1.6928619891755148,0.7940096409578267,1
1,34.0,50,1,34,0.49782446026802063,1,1.0,-0.7880097159807192,1.0,1.1925722403706989,1.1925722403706989,0.27762725474094774,1,33,1.6928619891755148,0.7940096409578267,1
1,35.0,50,1,35,0.13175499439239502,1,0.0,-0.6885165441622731,1.0,-0.7880097159807192,-0.7880097159807192,0.3137458920039004,1,34,1.6928619891755148,0.7940096409578267,1
1,36.0,50,1,36,0.13696838915348053,1,1.0,0.07838692571275263,0.0,-0.6885165441622731,-0.0,0.2980585974037054,1,35,1.6928619891755148,0.7940096409578267,1
1,37.0,50,1,37,0.21359282732009888,1,0.0,-0.6525732831274632,1.0,0.07838692571275263,0.07838692571275263,0.33315566753352016,1,36,1.6928619891755148,0.7940096409578267,1
1,38.0,50,1,38,0.13905374705791473,1,0.0,-0.5470813683104295,0.0,-0.6525732831274632,-0.0,0.31649788415684416,1,37,1.6928619891755148,0.7940096409578267,1
1,39.0,50,1,39,0.1459423303604126,1,0.0,0.34995678476041525,0.0,-0.5470813683104295,-0.0,0.30067298994900193,1,38,1.6928619891755148,0.7940096409578267,1
1,40.0,50,1,40,0.262750506401062,1,1.0,0.5724068373564567,0.0,0.34995678476041525,0.0,0.2856393404515518,1,39,1.6928619891755148,0.7940096409578267,1
1,41.0,50,1,41,0.3133886456489563,1,0.0,0.10010527715853257,1.0,0.5724068373564567,0.5724068373564567,0.3213573734289743,1,40,1.6928619891755148,0.7940096409578267,1
1,42.0,50,1,42,0.21740221977233887,1,1.0,0.4099459862648469,0.0,0.10010527715853257,0.0,0.3052895047575256,1,41,1.6928619891755148,0.7940096409578267,1
1,43.0,50,1,43,0.2756495773792267,1,0.0,0.5542263112561394,1.0,0.4099459862648469,0.4099459862648469,0.34002502951964936,1,42,1.6928619891755148,0.7940096409578267,1
1,44.0,50,1,44,0.30921971797943115,1,0.0,0.23373673051467905,0.0,0.5542263112561394,0.0,0.3230237780436669,1,43,1.6928619891755148,0.7940096409578267,1
1,45.0,50,1,45,0.24082884192466736,1,0.0,0.5915150405929124,0.0,0.23373673051467905,0.0,0.3068725891414836,1,44,1.6928619891755148,0.7940096409578267,1
1,46.0,50,1,46,0.3184163570404053,1,0.0,-0.4159633817050019,0.0,0.5915150405929124,0.0,0.29152895968440934,1,45,1.6928619891755148,0.7940096409578267,1
1,47.0,50,1,47,0.1566898673772812,1,0.0,-1.6591776368867852,0.0,-0.4159633817050019,-0.0,0.27695251170018886,1,46,1.6928619891755148,0.7940096409578267,1
1,48.0,50,1,48,0.10842549800872803,1,0.0,-2.2641322324547732,0.0,-1.6591776368867852,-0.0,0.2631048861151794,1,47,1.6928619891755148,0.7940096409578267,1
1,49.0,50,1,49,0.10326031595468521,1,0.0,-1.8688264897672964,0.0,-2.2641322324547732,-0.0,0.24994964180942042,1,48,1.6928619891755148,0.7940096409578267,1
1,50.0,50,1,50,0.10609936714172363,1,0.0,-2.0274309259717396,0.0,-1.8688264897672964,-0.0,0.2374521597189494,1,49,1.6928619891755148,0.7940096409578267,1
2,1.0,50,1,1,0.3316032588481903,1,0.0,0.7799845368447857,0.0,0.23123871340343963,0.0,0.0,1,50,0.2970710775574834,-0.9737700758799894,1
2,2.0,50,1,2,0.39103150367736816,1,0.0,0.11824525889298926,0.0,0.7799845368447857,0.0,0.0,1,51,0.2970710775574834,-0.9737700758799894,1
2,3.0,50,1,3,0.22691002488136292,1,0.0,-0.3063070664633023,0.0,0.11824525889298926,0.0,0.0,1,52,0.2970710775574834,-0.9737700758799894,1
2,4.0,50,1,4,0.1712179183959961,1,0.0,-1.7289719657015494,0.0,-0.3063070664633023,-0.0,0.0,1,53,0.2970710775574834,-0.9737700758799894,1
2,5.0,50,1,5,0.1085403636097908,1,0.0,-0.2692309532620121,0.0,-1.7289719657015494,-0.0,0.0,1,54,0.2970710775574834,-0.9737700758799894,1
2,6.0,50,1,6,0.17371749877929688,1,0.0,0.2494737539752693,0.0,-0.2692309532620121,-0.0,0.0,1,55,0.2970710775574834,-0.9737700758799894,1
2,7.0,50,1,7,0.24763396382331848,1,0.0,0.29340449069427554,0.0,0.2494737539752693,0.0,0.0,1,56,0.2970710775574834,-0.9737700758799894,1
2,8.0,50,1,8,0.25609827041625977,1,0.0,0.9685347356983641,0.0,0.29340449069427554,0.0,0.0,1,57,0.2970710775574834,-0.9737700758799894,1
2,9.0,50,1,9,0.4231807589530945,1,1.0,-0.8997105937335543,0.0,0.9685347356983641,0.0,0.0,1,58,0.2970710775574834,-0.9737700758799894,1
2,10.0,50,1,10,0.12921951711177826,1,0.0,-0.7245827633978494,1.0,-0.8997105937335543,-0.8997105937335543,0.050000000000000044,1,59,0.2970710775574834,-0.9737700758799894,1
2,11.0,50,1,11,0.13666024804115295,1,0.0,0.1461670454522759,0.0,-0.7245827633978494,-0.0,0.04750000000000004,1,60,0.2970710775574834,-0.9737700758799894,1
2,12.0,50,1,12,0.22651004791259766,1,0.0,1.2986004615374667,0.0,0.1461670454522759,0.0,0.04512500000000004,1,61,0.2970710775574834,-0.9737700758799894,1
2,13.0,50,1,13,0.5297524333000183,1,0.0,0.6749320629990396,0.0,1.2986004615374667,0.0,0.04286875000000004,1,62,0.2970710775574834,-0.9737700758799894,1
2,14.0,50,1,14,0.34079524874687195,1,0.0,0.5236199269121808,0.0,0.6749320629990396,0.0,0.040725312500000034,1,63,0.2970710775574834,-0.9737700758799894,1
2,15.0,50,1,15,0.30314305424690247,1,1.0,-0.1932181980174284,0.0,0.5236199269121808,0.0,0.03868904687500003,1,64,0.2970710775574834,-0.9737700758799894,1
2,16.0,50,1,16,0.1780897080898285,1,1.0,-0.3273306659918459,1.0,-0.1932181980174284,-0.1932181980174284,0.08675459453125006,1,65,0.2970710775574834,-0.9737700758799894,1
2,17.0,50,1,17,0.1640843152999878,1,0.0,-0.5104146732412576,1.0,-0.3273306659918459,-0.3273306659918459,0.1324168648046876,1,66,0.2970710775574834,-0.9737700758799894,1
2,18.0,50,1,18,0.14865335822105408,1,0.0,-0.9287428278236222,0.0,-0.5104146732412576,-0.0,0.1257960215644532,1,67,0.2970710775574834,-0.9737700758799894,1
2,19.0,50,1,19,0.12552697956562042,1,0.0,-0.3647093467022057,0.0,-0.9287428278236222,-0.0,0.11950622048623051,1,68,0.2970710775574834,-0.9737700758799894,1
2,20.0,50,1,20,0.1603952795267105,1,0.0,-0.8004758487459497,0.0,-0.3647093467022057,-0.0,0.11353090946191899,1,69,0.2970710775574834,-0.9737700758799894,1
2,21.0,50,1,21,0.13108648359775543,1,1.0,-1.2055357605475108,0.0,-0.8004758487459497,-0.0,0.10785436398882303,1,70,0.2970710775574834,-0.9737700758799894,1
2,22.0,50,1,22,0.11660708487033844,1,0.0,-0.03704479244360449,1.0,-1.2055357605475108,-1.2055357605475108,0.15246164578938193,1,71,0.2970710775574834,-0.9737700758799894,1
2,23.0,50,1,23,0.1972830593585968,1,0.0,0.666573458294438,0.0,-0.03704479244360449,-0.0,0.1448385634999128,1,72,0.2970710775574834,-0.9737700758799894,1
2,24.0,50,1,24,0.3396659195423126,1,0.0,0.1927486621640633,0.0,0.666573458294438,0.0,0.13759663532491717,1,73,0.2970710775574834,-0.9737700758799894,1
2,25.0,50,1,25,0.2329842746257782,1,0.0,-1.0191667547159748,0.0,0.1927486621640633,0.0,0.1307168035586713,1,74,0.2970710775574834,-0.9737700758799894,1
2,26.0,50,1,26,0.1219952404499054,1,0.0,-0.037899039885425645,0.0,-1.0191667547159748,-0.0,0.12418096338073772,1,75,0.2970710775574834,-0.9737700758799894,1
2,27.0,50,1,27,0.1968754231929779,1,0.0,-0.811228955649926,0.0,-0.037899039885425645,-0.0,0.11797191521170082,1,76,0.2970710775574834,-0.9737700758799894,1
2,28.0,50,1,28,0.13050833344459534,1,0.0,-0.8568583954875961,0.0,-0.811228955649926,-0.0,0.11207331945111577,1,77,0.2970710775574834,-0.9737700758799894,1
2,29.0,50,1,29,0.1285310983657837,1,0.0,0.0921051308287314,0.0,-0.8568583954875961,-0.0,0.10646965347855997,1,78,0.2970710775574834,-0.9737700758799894,1
2,30.0,50,1,30,0.21570046246051788,1,1.0,1.2932060324970076,0.0,0.0921051308287314,0.0,0.10114617080463195,1,79,0.2970710775574834,-0.9737700758799894,1
2,31.0,50,1,31,0.5301100611686707,1,1.0,1.415737470780494,1.0,1.2932060324970076,1.2932060324970076,0.1460888622644004,1,80,0.2970710775574834,-0.9737700758799894,1
2,32.0,50,1,32,0.5690871477127075,1,0.0,0.35100093420932743,1.0,1.415737470780494,1.415737470780494,0.1887844191511804,1,81,0.2970710775574834,-0.9737700758799894,1
2,33.0,50,1,33,0.26311194896698,1,1.0,0.7326786949329566,0.0,0.35100093420932743,0.0,0.17934519819362138,1,82,0.2970710775574834,-0.9737700758799894,1
2,34.0,50,1,34,0.35693222284317017,1,0.0,0.6005896725466995,1.0,0.7326786949329566,0.7326786949329566,0.22037793828394034,1,83,0.2970710775574834,-0.9737700758799894,1
2,35.0,50,1,35,0.32145562767982483,1,0.0,-0.2268363728476641,0.0,0.6005896725466995,0.0,0.20935904136974332,1,84,0.2970710775574834,-0.9737700758799894,1
2,36.0,50,1,36,0.17375731468200684,1,0.0,-0.9052627778436846,0.0,-0.2268363728476641,-0.0,0.19889108930125615,1,85,0.2970710775574834,-0.9737700758799894,1
2,37.0,50,1,37,0.1264144778251648,1,0.0,0.24504532913523755,0.0,-0.9052627778436846,-0.0,0.18894653483619334,1,86,0.2970710775574834,-0.9737700758799894,1
2,38.0,50,1,38,0.24216201901435852,1,0.0,0.2896732203828736,0.0,0.24504532913523755,0.0,0.17949920809438366,1,87,0.2970710775574834,-0.9737700758799894,1
2,39.0,50,1,39,0.2506505250930786,1,0.0,-0.19804907999230736,0.0,0.2896732203828736,0.0,0.17052424768966448,1,88,0.2970710775574834,-0.9737700758799894,1
2,40.0,50,1,40,0.1771344542503357,1,0.0,0.0834923449240994,0.0,-0.19804907999230736,-0.0,0.16199803530518125,1,89,0.2970710775574834,-0.9737700758799894,1
2,41.0,50,1,41,0.21456485986709595,1,1.0,0.9016989877473331,0.0,0.0834923449240994,0.0,0.15389813353992218,1,90,0.2970710775574834,-0.9737700758799894,1
2,42.0,50,1,42,0.4038532078266144,1,1.0,0.9252119066189717,1.0,0.9016989877473331,0.9016989877473331,0.1962032268629261,1,91,0.2970710775574834,-0.9737700758799894,1
2,43.0,50,1,43,0.41073933243751526,1,0.0,1.1845717576052148,1.0,0.9252119066189717,0.9252119066189717,0.23639306551977984,1,92,0.2970710775574834,-0.9737700758799894,1
2,44.0,50,1,44,0.49121254682540894,1,1.0,-1.083751150664932,0.0,1.1845717576052148,0.0,0.22457341224379085,1,93,0.2970710775574834,-0.9737700758799894,1
2,45.0,50,1,45,0.12080530822277069,1,0.0,-2.017085367317269,1.0,-1.083751150664932,-1.083751150664932,0.2633447416316013,1,94,0.2970710775574834,-0.9737700758799894,1
2,46.0,50,1,46,0.10482671856880188,1,0.0,-0.986636695706374,0.0,-2.017085367317269,-0.0,0.25017750455002125,1,95,0.2970710775574834,-0.9737700758799894,1
2,47.0,50,1,47,0.12400054186582565,1,0.0,-0.9349558081420589,0.0,-0.986636695706374,-0.0,0.23766862932252017,1,96,0.2970710775574834,-0.9737700758799894,1
2,48.0,50,1,48,0.12592630088329315,1,0.0,-0.3851547563005632,0.0,-0.9349558081420589,-0.0,0.22578519785639417,1,97,0.2970710775574834,-0.9737700758799894,1
2,49.0,50,1,49,0.15924423933029175,1,0.0,-0.1262771177394707,0.0,-0.3851547563005632,-0.0,0.21449593796357444,1,98,0.2970710775574834,-0.9737700758799894,1
2,50.0,50,1,50,0.18612828850746155,1,0.0,-0.9285235250826355,0.0,-0.1262771177394707,-0.0,0.2037711410653957,1,99,0.2970710775574834,-0.9737700758799894,1
3,1.0,50,1,1,0.3518463373184204,1,1.0,-0.1801265995467478,0.0,-0.09157330391955897,0.0,0.0,1,100,0.0818540670747071,-0.3182894820659518,1
3,2.0,50,1,2,0.18042001128196716,1,0.0,0.6253268696784867,1.0,-0.1801265995467478,-0.1801265995467478,0.050000000000000044,1,101,0.0818540670747071,-0.3182894820659518,1
3,3.0,50,1,3,0.33310142159461975,1,1.0,-0.0032391152098492117,0.0,0.6253268696784867,0.0,0.04750000000000004,1,102,0.0818540670747071,-0.3182894820659518,1
3,4.0,50,1,4,0.2074543982744217,1,1.0,0.061077962034623096,1.0,-0.0032391152098492117,-0.0032391152098492117,0.09512500000000007,1,103,0.0818540670747071,-0.3182894820659518,1
3,5.0,50,1,5,0.21508198976516724,1,0.0,0.7416162494429294,1.0,0.061077962034623096,0.061077962034623096,0.1403687500000001,1,104,0.0818540670747071,-0.3182894820659518,1
3,6.0,50,1,6,0.3595890700817108,1,0.0,1.3294461524622376,0.0,0.7416162494429294,0.0,0.1333503125000001,1,105,0.0818540670747071,-0.3182894820659518,1
3,7.0,50,1,7,0.5332854986190796,1,0.0,0.20308750454703917,0.0,1.3294461524622376,0.0,0.1266827968750001,1,106,0.0818540670747071,-0.3182894820659518,1
3,8.0,50,1,8,0.23959830403327942,1,1.0,-0.4047675466649351,0.0,0.20308750454703917,0.0,0.12034865703125008,1,107,0.0818540670747071,-0.3182894820659518,1
3,9.0,50,1,9,0.16138456761837006,1,0.0,-0.8029787984338942,1.0,-0.4047675466649351,-0.4047675466649351,0.1643312241796876,1,108,0.0818540670747071,-0.3182894820659518,1
3,10.0,50,1,10,0.1337328553199768,1,1.0,-0.8271009145272838,0.0,-0.8029787984338942,-0.0,0.1561146629707032,1,109,0.0818540670747071,-0.3182894820659518,1
3,11.0,50,1,11,0.13142943382263184,1,0.0,-1.1231807929519373,1.0,-0.8271009145272838,-0.8271009145272838,0.19830892982216808,1,110,0.0818540670747071,-0.3182894820659518,1
3,12.0,50,1,12,0.11987869441509247,1,0.0,-1.79095651830463,0.0,-1.1231807929519373,-0.0,0.18839348333105965,1,111,0.0818540670747071,-0.3182894820659518,1
3,13.0,50,1,13,0.10684025287628174,1,0.0,-1.6645216392192996,0.0,-1.79095651830463,-0.0,0.17897380916450664,1,112,0.0818540670747071,-0.3182894820659518,1
3,14.0,50,1,14,0.10822038352489471,1,0.0,-2.203744454892364,0.0,-1.6645216392192996,-0.0,0.1700251187062813,1,113,0.0818540670747071,-0.3182894820659518,1
3,15.0,50,1,15,0.103505939245224,1,0.0,-0.7592696048742689,0.0,-2.203744454892364,-0.0,0.1615238627709672,1,114,0.0818540670747071,-0.3182894820659518,1
3,16.0,50,1,16,0.13353173434734344,1,0.0,-0.5907961017064342,0.0,-0.7592696048742689,-0.0,0.15344766963241882,1,115,0.0818540670747071,-0.3182894820659518,1
3,17.0,50,1,17,0.14323829114437103,1,0.0,-0.06913169802698108,0.0,-0.5907961017064342,-0.0,0.14577528615079785,1,116,0.0818540670747071,-0.3182894820659518,1
3,18.0,50,1,18,0.19293618202209473,1,0.0,-0.10220110992171359,0.0,-0.06913169802698108,-0.0,0.13848652184325794,1,117,0.0818540670747071,-0.3182894820659518,1
3,19.0,50,1,19,0.18853065371513367,1,0.0,-0.5597681359579455,0.0,-0.10220110992171359,-0.0,0.13156219575109504,1,118,0.0818540670747071,-0.3182894820659518,1
3,20.0,50,1,20,0.14507032930850983,1,1.0,0.3183524723117954,0.0,-0.5597681359579455,-0.0,0.1249840859635403,1,119,0.0818540670747071,-0.3182894820659518,1
3,21.0,50,1,21,0.25710442662239075,1,0.0,0.19541961963237298,1.0,0.3183524723117954,0.3183524723117954,0.16873488166536332,1,120,0.0818540670747071,-0.3182894820659518,1
3,22.0,50,1,22,0.2338547706604004,1,0.0,1.1893965039582597,0.0,0.19541961963237298,0.0,0.16029813758209516,1,121,0.0818540670747071,-0.3182894820659518,1
3,23.0,50,1,23,0.4979885518550873,1,0.0,0.36386590617409575,0.0,1.1893965039582597,0.0,0.15228323070299038,1,122,0.0818540670747071,-0.3182894820659518,1
3,24.0,50,1,24,0.2666175663471222,1,1.0,0.5142590180178521,0.0,0.36386590617409575,0.0,0.14466906916784086,1,123,0.0818540670747071,-0.3182894820659518,1
3,25.0,50,1,25,0.3006726801395416,1,0.0,-0.5273627101646555,1.0,0.5142590180178521,0.5142590180178521,0.18743561570944886,1,124,0.0818540670747071,-0.3182894820659518,1
3,26.0,50,1,26,0.14704692363739014,1,0.0,-0.3329268416859648,0.0,-0.5273627101646555,-0.0,0.17806383492397643,1,125,0.0818540670747071,-0.3182894820659518,1
3,27.0,50,1,27,0.16312314569950104,1,0.0,1.9516111612912839,0.0,-0.3329268416859648,-0.0,0.1691606431777776,1,126,0.0818540670747071,-0.3182894820659518,1
3,28.0,50,1,28,0.7178292870521545,1,1.0,1.4271400058417694,0.0,1.9516111612912839,0.0,0.16070261101888872,1,127,0.0818540670747071,-0.3182894820659518,1
3,29.0,50,1,29,0.572797954082489,1,1.0,2.053190809651144,1.0,1.4271400058417694,1.4271400058417694,0.2026674804679443,1,128,0.0818540670747071,-0.3182894820659518,1
3,30.0,50,1,30,0.7382012009620667,1,1.0,1.5990321183233231,1.0,2.053190809651144,2.053190809651144,0.24253410644454712,1,129,0.0818540670747071,-0.3182894820659518,1
3,31.0,50,1,31,0.6241627335548401,1,0.0,0.39329727143719195,1.0,1.5990321183233231,1.5990321183233231,0.2804074011223198,1,130,0.0818540670747071,-0.3182894820659518,1
3,32.0,50,1,32,0.2719789147377014,1,0.0,-0.24234193171127372,0.0,0.39329727143719195,0.0,0.2663870310662038,1,131,0.0818540670747071,-0.3182894820659518,1
3,33.0,50,1,33,0.17191921174526215,1,0.0,-0.0019919974834021227,0.0,-0.24234193171127372,-0.0,0.2530676795128936,1,132,0.0818540670747071,-0.3182894820659518,1
3,34.0,50,1,34,0.20169895887374878,1,0.0,0.6829012152535673,0.0,-0.0019919974834021227,-0.0,0.2404142955372489,1,133,0.0818540670747071,-0.3182894820659518,1
3,35.0,50,1,35,0.34319406747817993,1,1.0,-0.9035294176638982,0.0,0.6829012152535673,0.0,0.22839358076038646,1,134,0.0818540670747071,-0.3182894820659518,1
3,36.0,50,1,36,0.12654748558998108,1,0.0,-0.992705464496812,1.0,-0.9035294176638982,-0.9035294176638982,0.2669739017223672,1,135,0.0818540670747071,-0.3182894820659518,1
3,37.0,50,1,37,0.12305635958909988,1,0.0,-0.9540446570653917,0.0,-0.992705464496812,-0.0,0.2536252066362488,1,136,0.0818540670747071,-0.3182894820659518,1
3,38.0,50,1,38,0.12455640733242035,1,0.0,-0.19649868887779814,0.0,-0.9540446570653917,-0.0,0.24094394630443636,1,137,0.0818540670747071,-0.3182894820659518,1
3,39.0,50,1,39,0.17712032794952393,1,0.0,-0.36312084235296543,0.0,-0.19649868887779814,-0.0,0.22889674898921453,1,138,0.0818540670747071,-0.3182894820659518,1
3,40.0,50,1,40,0.1606552004814148,1,0.0,-0.2447945151119323,0.0,-0.36312084235296543,-0.0,0.2174519115397538,1,139,0.0818540670747071,-0.3182894820659518,1
3,41.0,50,1,41,0.17216728627681732,1,0.0,0.33309864872132544,0.0,-0.2447945151119323,-0.0,0.2065793159627661,1,140,0.0818540670747071,-0.3182894820659518,1
3,42.0,50,1,42,0.25937727093696594,1,0.0,1.064861109124551,0.0,0.33309864872132544,0.0,0.1962503501646278,1,141,0.0818540670747071,-0.3182894820659518,1
3,43.0,50,1,43,0.4535599648952484,1,1.0,0.45964285865559873,0.0,1.064861109124551,0.0,0.1864378326563964,1,142,0.0818540670747071,-0.3182894820659518,1
3,44.0,50,1,44,0.2870043218135834,1,1.0,0.780976601400663,1.0,0.45964285865559873,0.45964285865559873,0.22711594102357663,1,143,0.0818540670747071,-0.3182894820659518,1
3,45.0,50,1,45,0.3690739572048187,1,0.0,0.8859457970314738,1.0,0.780976601400663,0.780976601400663,0.26576014397239783,1,144,0.0818540670747071,-0.3182894820659518,1
3,46.0,50,1,46,0.39944973587989807,1,1.0,0.41615583133393863,0.0,0.8859457970314738,0.0,0.25247213677377794,1,145,0.0818540670747071,-0.3182894820659518,1
3,47.0,50,1,47,0.2771282494068146,1,0.0,0.24011345770062004,1.0,0.41615583133393863,0.41615583133393863,0.2898485299350891,1,146,0.0818540670747071,-0.3182894820659518,1
3,48.0,50,1,48,0.24164491891860962,1,1.0,0.8293710827624965,0.0,0.24011345770062004,0.0,0.2753561034383346,1,147,0.0818540670747071,-0.3182894820659518,1
3,49.0,50,1,49,0.3826484680175781,1,1.0,1.676707620039838,1.0,0.8293710827624965,0.8293710827624965,0.31158829826641793,1,148,0.0818540670747071,-0.3182894820659518,1
3,50.0,50,1,50,0.6406431794166565,1,1.0,1.2103203063580126,1.0,1.676707620039838,1.676707620039838,0.3460088833530971,1,149,0.0818540670747071,-0.3182894820659518,1
4,1.0,50,1,1,0.41568654775619507,1,0.0,-0.4155348563577758,0.0,-1.0319975646689248,0.0,0.0,1,150,0.42246020495939096,0.5011330891699763,1
4,2.0,50,1,2,0.15574152767658234,1,0.0,-0.5013210196050699,0.0,-0.4155348563577758,-0.0,0.0,1,151,0.42246020495939096,0.5011330891699763,1
4,3.0,50,1,3,0.15423661470413208,1,0.0,-0.3864262408211017,0.0,-0.5013210196050699,-0.0,0.0,1,152,0.42246020495939096,0.5011330891699763,1
4,4.0,50,1,4,0.16367672383785248,1,0.0,-0.08537522564864208,0.0,-0.3864262408211017,-0.0,0.0,1,153,0.42246020495939096,0.5011330891699763,1
4,5.0,50,1,5,0.19466978311538696,1,0.0,-0.7164320310727246,0.0,-0.08537522564864208,-0.0,0.0,1,154,0.42246020495939096,0.5011330891699763,1
4,6.0,50,1,6,0.1388397514820099,1,0.0,-0.1512968846810735,0.0,-0.7164320310727246,-0.0,0.0,1,155,0.42246020495939096,0.5011330891699763,1
4,7.0,50,1,7,0.18734204769134521,1,0.0,0.7820406900417651,0.0,-0.1512968846810735,-0.0,0.0,1,156,0.42246020495939096,0.5011330891699763,1
4,8.0,50,1,8,0.36976733803749084,1,1.0,0.5798566784487649,0.0,0.7820406900417651,0.0,0.0,1,157,0.42246020495939096,0.5011330891699763,1
4,9.0,50,1,9,0.31785231828689575,1,0.0,0.3711547270446052,1.0,0.5798566784487649,0.5798566784487649,0.050000000000000044,1,158,0.42246020495939096,0.5011330891699763,1
4,10.0,50,1,10,0.27021339535713196,1,0.0,-0.28139747275823895,0.0,0.3711547270446052,0.0,0.04750000000000004,1,159,0.42246020495939096,0.5011330891699763,1
4,11.0,50,1,11,0.1702289581298828,1,0.0,0.2051854300717636,0.0,-0.28139747275823895,-0.0,0.04512500000000004,1,160,0.42246020495939096,0.5011330891699763,1
4,12.0,50,1,12,0.2367190420627594,1,0.0,0.6483396637817203,0.0,0.2051854300717636,0.0,0.04286875000000004,1,161,0.42246020495939096,0.5011330891699763,1
4,13.0,50,1,13,0.33408841490745544,1,1.0,0.4320897391691754,0.0,0.6483396637817203,0.0,0.040725312500000034,1,162,0.42246020495939096,0.5011330891699763,1
4,14.0,50,1,14,0.2810508906841278,1,0.0,1.1682262705959374,1.0,0.4320897391691754,0.4320897391691754,0.08868904687500007,1,163,0.42246020495939096,0.5011330891699763,1
4,15.0,50,1,15,0.4899764657020569,1,1.0,-0.2872473598685702,0.0,1.1682262705959374,0.0,0.08425459453125006,1,164,0.42246020495939096,0.5011330891699763,1
4,16.0,50,1,16,0.16811545193195343,1,0.0,0.036726948877075664,1.0,-0.2872473598685702,-0.2872473598685702,0.1300418648046876,1,165,0.42246020495939096,0.5011330891699763,1
4,17.0,50,1,17,0.20789164304733276,1,0.0,0.5202463194715583,0.0,0.036726948877075664,0.0,0.12353977156445321,1,166,0.42246020495939096,0.5011330891699763,1
4,18.0,50,1,18,0.3022474944591522,1,0.0,-0.14687875318826688,0.0,0.5202463194715583,0.0,0.11736278298623054,1,167,0.42246020495939096,0.5011330891699763,1
4,19.0,50,1,19,0.18303300440311432,1,0.0,0.6280155448649729,0.0,-0.14687875318826688,-0.0,0.11149464383691901,1,168,0.42246020495939096,0.5011330891699763,1
4,20.0,50,1,20,0.3293968141078949,1,0.0,0.23272326089008555,0.0,0.6280155448649729,0.0,0.10591991164507304,1,169,0.42246020495939096,0.5011330891699763,1
4,21.0,50,1,21,0.24044284224510193,1,1.0,0.030780932257469668,0.0,0.23272326089008555,0.0,0.10062391606281937,1,170,0.42246020495939096,0.5011330891699763,1
4,22.0,50,1,22,0.2069205641746521,1,0.0,1.2496725509931779,1.0,0.030780932257469668,0.030780932257469668,0.14559272025967843,1,171,0.42246020495939096,0.5011330891699763,1
4,23.0,50,1,23,0.5173148512840271,1,0.0,0.960544934748585,0.0,1.2496725509931779,0.0,0.1383130842466945,1,172,0.42246020495939096,0.5011330891699763,1
4,24.0,50,1,24,0.42543619871139526,1,0.0,1.3447684871525918,0.0,0.960544934748585,0.0,0.13139743003435977,1,173,0.42246020495939096,0.5011330891699763,1
4,25.0,50,1,25,0.5487763285636902,1,0.0,1.1241735429450548,0.0,1.3447684871525918,0.0,0.12482755853264178,1,174,0.42246020495939096,0.5011330891699763,1
4,26.0,50,1,26,0.4780809283256531,1,1.0,1.5214490433589136,0.0,1.1241735429450548,0.0,0.11858618060600969,1,175,0.42246020495939096,0.5011330891699763,1
4,27.0,50,1,27,0.6035230755805969,1,0.0,1.702133830027051,1.0,1.5214490433589136,1.5214490433589136,0.16265687157570924,1,176,0.42246020495939096,0.5011330891699763,1
4,28.0,50,1,28,0.6553100943565369,1,1.0,1.0491258923689892,0.0,1.702133830027051,0.0,0.15452402799692377,1,177,0.42246020495939096,0.5011330891699763,1
4,29.0,50,1,29,0.4525145888328552,1,1.0,1.2971382572206762,1.0,1.0491258923689892,1.0491258923689892,0.19679782659707762,1,178,0.42246020495939096,0.5011330891699763,1
4,30.0,50,1,30,0.5315358638763428,1,0.0,0.4391769039011087,1.0,1.2971382572206762,1.2971382572206762,0.23695793526722378,1,179,0.42246020495939096,0.5011330891699763,1
4,31.0,50,1,31,0.2822461724281311,1,0.0,1.6717482530116088,0.0,0.4391769039011087,0.0,0.22511003850386258,1,180,0.42246020495939096,0.5011330891699763,1
4,32.0,50,1,32,0.6451893448829651,1,1.0,0.9065579427978881,0.0,1.6717482530116088,0.0,0.21385453657866946,1,181,0.42246020495939096,0.5011330891699763,1
4,33.0,50,1,33,0.4076708257198334,1,1.0,-1.0994266114060451,1.0,0.9065579427978881,0.9065579427978881,0.253161809749736,1,182,0.42246020495939096,0.5011330891699763,1
4,34.0,50,1,34,0.11955526471138,1,0.0,-1.6394099552374957,1.0,-1.0994266114060451,-1.0994266114060451,0.29050371926224927,1,183,0.42246020495939096,0.5011330891699763,1
4,35.0,50,1,35,0.10835911333560944,1,0.0,-1.5037831649302642,0.0,-1.6394099552374957,-0.0,0.2759785332991368,1,184,0.42246020495939096,0.5011330891699763,1
4,36.0,50,1,36,0.1103539913892746,1,0.0,-0.869412183402388,0.0,-1.5037831649302642,-0.0,0.26217960663417994,1,185,0.42246020495939096,0.5011330891699763,1
4,37.0,50,1,37,0.1279238760471344,1,0.0,-0.7509231700083507,0.0,-0.869412183402388,-0.0,0.24907062630247095,1,186,0.42246020495939096,0.5011330891699763,1
4,38.0,50,1,38,0.13360117375850677,1,0.0,-0.5242588375850241,0.0,-0.7509231700083507,-0.0,0.2366170949873474,1,187,0.42246020495939096,0.5011330891699763,1
4,39.0,50,1,39,0.14754730463027954,1,0.0,0.010424306762818428,0.0,-0.5242588375850241,-0.0,0.22478624023798005,1,188,0.42246020495939096,0.5011330891699763,1
4,40.0,50,1,40,0.20357471704483032,1,0.0,0.13761750907385706,0.0,0.010424306762818428,0.0,0.21354692822608104,1,189,0.42246020495939096,0.5011330891699763,1
4,41.0,50,1,41,0.22327770292758942,1,0.0,0.7734117866518218,0.0,0.13761750907385706,0.0,0.202869581814777,1,190,0.42246020495939096,0.5011330891699763,1
4,42.0,50,1,42,0.36659079790115356,1,1.0,0.26440426355275404,0.0,0.7734117866518218,0.0,0.19272610272403815,1,191,0.42246020495939096,0.5011330891699763,1
4,43.0,50,1,43,0.24615269899368286,1,0.0,-0.6974624456141856,1.0,0.26440426355275404,0.26440426355275404,0.23308979758783627,1,192,0.42246020495939096,0.5011330891699763,1
4,44.0,50,1,44,0.13750606775283813,1,0.0,-0.7872999231237223,0.0,-0.6974624456141856,-0.0,0.22143530770844444,1,193,0.42246020495939096,0.5011330891699763,1
4,45.0,50,1,45,0.1327122151851654,1,0.0,-0.20594211541947316,0.0,-0.7872999231237223,-0.0,0.21036354232302223,1,194,0.42246020495939096,0.5011330891699763,1
4,46.0,50,1,46,0.17694532871246338,1,0.0,0.16601141021105306,0.0,-0.20594211541947316,-0.0,0.1998453652068711,1,195,0.42246020495939096,0.5011330891699763,1
4,47.0,50,1,47,0.22855380177497864,1,1.0,1.4066654324125896,0.0,0.16601141021105306,0.0,0.18985309694652752,1,196,0.42246020495939096,0.5011330891699763,1
4,48.0,50,1,48,0.5615248084068298,1,1.0,1.6270649912242159,1.0,1.4066654324125896,1.4066654324125896,0.23036044209920117,1,197,0.42246020495939096,0.5011330891699763,1
4,49.0,50,1,49,0.6269590854644775,1,1.0,1.4232494540256864,1.0,1.6270649912242159,1.6270649912242159,0.2688424199942412,1,198,0.42246020495939096,0.5011330891699763,1
4,50.0,50,1,50,0.5661842226982117,1,1.0,1.8692539262048617,1.0,1.4232494540256864,1.4232494540256864,0.30540029899452914,1,199,0.42246020495939096,0.5011330891699763,1
5,1.0,50,1,1,0.32783934473991394,1,0.0,-0.14001250003775514,0.0,0.2930417161615452,0.0,0.0,1,200,0.5875827261985322,0.2122535129953553,1
5,2.0,50,1,2,0.18548981845378876,1,1.0,-0.2716095078122396,0.0,-0.14001250003775514,-0.0,0.0,1,201,0.5875827261985322,0.2122535129953553,1
5,3.0,50,1,3,0.17505696415901184,1,0.0,1.1648006632361643,1.0,-0.2716095078122396,-0.2716095078122396,0.050000000000000044,1,202,0.5875827261985322,0.2122535129953553,1
5,4.0,50,1,4,0.4837108254432678,1,1.0,0.678085181994183,0.0,1.1648006632361643,0.0,0.04750000000000004,1,203,0.5875827261985322,0.2122535129953553,1
5,5.0,50,1,5,0.3416757881641388,1,0.0,1.184443562478691,1.0,0.678085181994183,0.678085181994183,0.09512500000000007,1,204,0.5875827261985322,0.2122535129953553,1
5,6.0,50,1,6,0.4895513653755188,1,0.0,-0.645687173321403,0.0,1.184443562478691,0.0,0.09036875000000007,1,205,0.5875827261985322,0.2122535129953553,1
5,7.0,50,1,7,0.14350846409797668,1,0.0,-1.5019735030399866,0.0,-0.645687173321403,-0.0,0.08585031250000005,1,206,0.5875827261985322,0.2122535129953553,1
5,8.0,50,1,8,0.11252866685390472,1,0.0,-1.4902467403450799,0.0,-1.5019735030399866,-0.0,0.08155779687500005,1,207,0.5875827261985322,0.2122535129953553,1
5,9.0,50,1,9,0.11245916783809662,1,0.0,-0.9187489484470938,0.0,-1.4902467403450799,-0.0,0.07747990703125004,1,208,0.5875827261985322,0.2122535129953553,1
5,10.0,50,1,10,0.12840232253074646,1,0.0,0.2872534556800369,0.0,-0.9187489484470938,-0.0,0.07360591167968754,1,209,0.5875827261985322,0.2122535129953553,1
5,11.0,50,1,11,0.25210413336753845,1,0.0,-0.40924369999605004,0.0,0.2872534556800369,0.0,0.06992561609570315,1,210,0.5875827261985322,0.2122535129953553,1
5,12.0,50,1,12,0.15814387798309326,1,0.0,-0.540392419441803,0.0,-0.40924369999605004,-0.0,0.06642933529091799,1,211,0.5875827261985322,0.2122535129953553,1
5,13.0,50,1,13,0.14722183346748352,1,0.0,0.06838688109239136,0.0,-0.540392419441803,-0.0,0.0631078685263721,1,212,0.5875827261985322,0.2122535129953553,1
5,14.0,50,1,14,0.2126685082912445,1,0.0,0.22358817327285826,0.0,0.06838688109239136,0.0,0.05995247510005349,1,213,0.5875827261985322,0.2122535129953553,1
5,15.0,50,1,15,0.2393677830696106,1,0.0,-0.7781511880884695,0.0,0.22358817327285826,0.0,0.05695485134505081,1,214,0.5875827261985322,0.2122535129953553,1
5,16.0,50,1,16,0.1325749307870865,1,0.0,0.294940852552382,0.0,-0.7781511880884695,-0.0,0.054107108777798264,1,215,0.5875827261985322,0.2122535129953553,1
5,17.0,50,1,17,0.252542644739151,1,0.0,0.31972328549855455,0.0,0.294940852552382,0.0,0.051401753338908354,1,216,0.5875827261985322,0.2122535129953553,1
5,18.0,50,1,18,0.2575712502002716,1,1.0,0.025994986393585537,0.0,0.31972328549855455,0.0,0.04883166567196293,1,217,0.5875827261985322,0.2122535129953553,1
5,19.0,50,1,19,0.20610058307647705,1,1.0,1.0761513457084593,1.0,0.025994986393585537,0.025994986393585537,0.09639008238836484,1,218,0.5875827261985322,0.2122535129953553,1
5,20.0,50,1,20,0.46177831292152405,1,0.0,0.06412368104326314,1.0,1.0761513457084593,1.0761513457084593,0.14157057826894665,1,219,0.5875827261985322,0.2122535129953553,1
5,21.0,50,1,21,0.21175029873847961,1,0.0,0.48997944042831965,0.0,0.06412368104326314,0.0,0.1344920493554993,1,220,0.5875827261985322,0.2122535129953553,1
5,22.0,50,1,22,0.29505226016044617,1,1.0,0.71546937466381,0.0,0.48997944042831965,0.0,0.12776744688772432,1,221,0.5875827261985322,0.2122535129953553,1
5,23.0,50,1,23,0.35313835740089417,1,0.0,-0.05743803900153577,1.0,0.71546937466381,0.71546937466381,0.17137907454333814,1,222,0.5875827261985322,0.2122535129953553,1
5,24.0,50,1,24,0.19436725974082947,1,0.0,0.017571505403889687,0.0,-0.05743803900153577,-0.0,0.16281012081617122,1,223,0.5875827261985322,0.2122535129953553,1
5,25.0,50,1,25,0.20453454554080963,1,1.0,0.5554691228829913,0.0,0.017571505403889687,0.0,0.15466961477536265,1,224,0.5875827261985322,0.2122535129953553,1
5,26.0,50,1,26,0.3109704256057739,1,0.0,-0.3972948767893745,1.0,0.5554691228829913,0.5554691228829913,0.19693613403659455,1,225,0.5875827261985322,0.2122535129953553,1
5,27.0,50,1,27,0.15735191106796265,1,0.0,-0.5370742547514623,0.0,-0.3972948767893745,-0.0,0.1870893273347648,1,226,0.5875827261985322,0.2122535129953553,1
5,28.0,50,1,28,0.1464569866657257,1,0.0,-0.1322263937236895,0.0,-0.5370742547514623,-0.0,0.17773486096802654,1,227,0.5875827261985322,0.2122535129953553,1
5,29.0,50,1,29,0.18463823199272156,1,0.0,-1.1961495179191146,0.0,-0.1322263937236895,-0.0,0.1688481179196252,1,228,0.5875827261985322,0.2122535129953553,1
5,30.0,50,1,30,0.11672709882259369,1,0.0,-0.18066851321672991,0.0,-1.1961495179191146,-0.0,0.16040571202364395,1,229,0.5875827261985322,0.2122535129953553,1
5,31.0,50,1,31,0.17864404618740082,1,0.0,-0.32075646090286436,0.0,-0.18066851321672991,-0.0,0.15238542642246175,1,230,0.5875827261985322,0.2122535129953553,1
5,32.0,50,1,32,0.16393586993217468,1,0.0,-0.6061687681537591,0.0,-0.32075646090286436,-0.0,0.14476615510133864,1,231,0.5875827261985322,0.2122535129953553,1
5,33.0,50,1,33,0.14176028966903687,1,0.0,-0.09172384810933118,0.0,-0.6061687681537591,-0.0,0.1375278473462717,1,232,0.5875827261985322,0.2122535129953553,1
5,34.0,50,1,34,0.18959474563598633,1,0.0,-0.6645862895170203,0.0,-0.09172384810933118,-0.0,0.1306514549789581,1,233,0.5875827261985322,0.2122535129953553,1
5,35.0,50,1,35,0.13836851716041565,1,0.0,-0.2460660308016994,0.0,-0.6645862895170203,-0.0,0.12411888223001019,1,234,0.5875827261985322,0.2122535129953553,1
5,36.0,50,1,36,0.17171898484230042,1,0.0,0.20635449115641175,0.0,-0.2460660308016994,-0.0,0.11791293811850968,1,235,0.5875827261985322,0.2122535129953553,1
5,37.0,50,1,37,0.23511072993278503,1,0.0,-0.2839154828870918,0.0,0.20635449115641175,0.0,0.1120172912125842,1,236,0.5875827261985322,0.2122535129953553,1
5,38.0,50,1,38,0.16781941056251526,1,0.0,-0.4189751406065355,0.0,-0.2839154828870918,-0.0,0.106416426651955,1,237,0.5875827261985322,0.2122535129953553,1
5,39.0,50,1,39,0.15565268695354462,1,1.0,0.011210174208071716,0.0,-0.4189751406065355,-0.0,0.10109560531935724,1,238,0.5875827261985322,0.2122535129953553,1
5,40.0,50,1,40,0.20368757843971252,1,0.0,0.826331348623844,1.0,0.011210174208071716,0.011210174208071716,0.14604082505338942,1,239,0.5875827261985322,0.2122535129953553,1
5,41.0,50,1,41,0.3821299970149994,1,0.0,0.6329901756411705,0.0,0.826331348623844,0.0,0.13873878380071994,1,240,0.5875827261985322,0.2122535129953553,1
5,42.0,50,1,42,0.32861149311065674,1,0.0,0.39865150018248097,0.0,0.6329901756411705,0.0,0.13180184461068395,1,241,0.5875827261985322,0.2122535129953553,1
5,43.0,50,1,43,0.27321505546569824,1,0.0,0.9652460845115606,0.0,0.39865150018248097,0.0,0.12521175238014975,1,242,0.5875827261985322,0.2122535129953553,1
5,44.0,50,1,44,0.4230043292045593,1,0.0,2.3266235904052204,0.0,0.9652460845115606,0.0,0.11895116476114226,1,243,0.5875827261985322,0.2122535129953553,1
5,45.0,50,1,45,0.7825798988342285,1,1.0,1.700485241469897,0.0,2.3266235904052204,0.0,0.11300360652308514,1,244,0.5875827261985322,0.2122535129953553,1
5,46.0,50,1,46,0.6475583910942078,1,1.0,1.7735095344090657,1.0,1.700485241469897,1.700485241469897,0.1573534261969309,1,245,0.5875827261985322,0.2122535129953553,1
5,47.0,50,1,47,0.6669929623603821,1,1.0,1.2540369830152316,1.0,1.7735095344090657,1.7735095344090657,0.1994857548870844,1,246,0.5875827261985322,0.2122535129953553,1
5,48.0,50,1,48,0.5136932730674744,1,1.0,0.44476946448433463,1.0,1.2540369830152316,1.2540369830152316,0.2395114671427302,1,247,0.5875827261985322,0.2122535129953553,1
5,49.0,50,1,49,0.2833377718925476,1,0.0,0.5155824399780911,1.0,0.44476946448433463,0.44476946448433463,0.27753589378559373,1,248,0.5875827261985322,0.2122535129953553,1
5,50.0,50,1,50,0.2997204661369324,1,0.0,0.6271973081168487,0.0,0.5155824399780911,0.0,0.2636590990963141,1,249,0.5875827261985322,0.2122535129953553,1
6,1.0,50,1,1,0.34929898381233215,1,1.0,-0.1955273700230553,0.0,-0.05177163227335846,0.0,0.0,1,250,-0.3097479660965765,0.6384777115362018,1
6,2.0,50,1,2,0.17854556441307068,1,0.0,0.05525602791186568,1.0,-0.1955273700230553,-0.1955273700230553,0.050000000000000044,1,251,-0.3097479660965765,0.6384777115362018,1
6,3.0,50,1,3,0.2169068604707718,1,0.0,-1.3065442271243335,0.0,0.05525602791186568,0.0,0.04750000000000004,1,252,-0.3097479660965765,0.6384777115362018,1
6,4.0,50,1,4,0.11664513498544693,1,0.0,-1.1285867347485197,0.0,-1.3065442271243335,-0.0,0.04512500000000004,1,253,-0.3097479660965765,0.6384777115362018,1
6,5.0,50,1,5,0.12110723555088043,1,0.0,-0.15426186472036313,0.0,-1.1285867347485197,-0.0,0.04286875000000004,1,254,-0.3097479660965765,0.6384777115362018,1
6,6.0,50,1,6,0.18643346428871155,1,0.0,-0.0073068777970736395,0.0,-0.15426186472036313,-0.0,0.040725312500000034,1,255,-0.3097479660965765,0.6384777115362018,1
6,7.0,50,1,7,0.20601941645145416,1,1.0,-0.7387028797150728,0.0,-0.0073068777970736395,-0.0,0.03868904687500003,1,256,-0.3097479660965765,0.6384777115362018,1
6,8.0,50,1,8,0.1385650336742401,1,0.0,-0.322396259749193,1.0,-0.7387028797150728,-0.7387028797150728,0.08675459453125006,1,257,-0.3097479660965765,0.6384777115362018,1
6,9.0,50,1,9,0.16890981793403625,1,1.0,-0.46850989281503785,0.0,-0.322396259749193,-0.0,0.08241686480468756,1,258,-0.3097479660965765,0.6384777115362018,1
6,10.0,50,1,10,0.15499715507030487,1,0.0,0.04713034862326769,1.0,-0.46850989281503785,-0.46850989281503785,0.12829602156445324,1,259,-0.3097479660965765,0.6384777115362018,1
6,11.0,50,1,11,0.21099668741226196,1,0.0,0.9634708921801419,0.0,0.04713034862326769,0.0,0.12188122048623058,1,260,-0.3097479660965765,0.6384777115362018,1
6,12.0,50,1,12,0.42376163601875305,1,0.0,1.5241220554591826,0.0,0.9634708921801419,0.0,0.11578715946191906,1,261,-0.3097479660965765,0.6384777115362018,1
6,13.0,50,1,13,0.5992589592933655,1,0.0,0.5166144650060146,0.0,1.5241220554591826,0.0,0.10999780148882311,1,262,-0.3097479660965765,0.6384777115362018,1
6,14.0,50,1,14,0.30059391260147095,1,1.0,1.0961504854383248,0.0,0.5166144650060146,0.0,0.10449791141438194,1,263,-0.3097479660965765,0.6384777115362018,1
6,15.0,50,1,15,0.46706822514533997,1,1.0,-0.5717877049639744,1.0,1.0961504854383248,1.0961504854383248,0.1492730158436629,1,264,-0.3097479660965765,0.6384777115362018,1
6,16.0,50,1,16,0.14460180699825287,1,1.0,-0.3065985442006021,1.0,-0.5717877049639744,-0.5717877049639744,0.1918093650514798,1,265,-0.3097479660965765,0.6384777115362018,1
6,17.0,50,1,17,0.16606658697128296,1,0.0,-1.1714066589781011,1.0,-0.3065985442006021,-0.3065985442006021,0.23221889679890587,1,266,-0.3097479660965765,0.6384777115362018,1
6,18.0,50,1,18,0.11754688620567322,1,0.0,-1.7471600444113522,0.0,-1.1714066589781011,-0.0,0.22060795195896057,1,267,-0.3097479660965765,0.6384777115362018,1
6,19.0,50,1,19,0.10701431334018707,1,0.0,-1.629686303786196,0.0,-1.7471600444113522,-0.0,0.20957755436101252,1,268,-0.3097479660965765,0.6384777115362018,1
6,20.0,50,1,20,0.10847945511341095,1,1.0,-0.5393375308603611,0.0,-1.629686303786196,-0.0,0.19909867664296188,1,269,-0.3097479660965765,0.6384777115362018,1
6,21.0,50,1,21,0.1463685780763626,1,0.0,-0.4204646727627969,1.0,-0.5393375308603611,-0.5393375308603611,0.23914374281081385,1,270,-0.3097479660965765,0.6384777115362018,1
6,22.0,50,1,22,0.1556476205587387,1,0.0,-1.103745601217727,0.0,-0.4204646727627969,-0.0,0.22718655567027313,1,271,-0.3097479660965765,0.6384777115362018,1
6,23.0,50,1,23,0.11952190846204758,1,0.0,-2.5810708510826856,0.0,-1.103745601217727,-0.0,0.21582722788675948,1,272,-0.3097479660965765,0.6384777115362018,1
6,24.0,50,1,24,0.10185512900352478,1,0.0,-1.6736876070495907,0.0,-2.5810708510826856,-0.0,0.2050358664924215,1,273,-0.3097479660965765,0.6384777115362018,1
6,25.0,50,1,25,0.1077876165509224,1,0.0,-0.8302585823473901,0.0,-1.6736876070495907,-0.0,0.19478407316780041,1,274,-0.3097479660965765,0.6384777115362018,1
6,26.0,50,1,26,0.12953874468803406,1,0.0,-0.40219082873603496,0.0,-0.8302585823473901,-0.0,0.18504486950941038,1,275,-0.3097479660965765,0.6384777115362018,1
6,27.0,50,1,27,0.15693345665931702,1,0.0,-0.021799861847299352,0.0,-0.40219082873603496,-0.0,0.17579262603393986,1,276,-0.3097479660965765,0.6384777115362018,1
6,28.0,50,1,28,0.1990758776664734,1,0.0,0.4509024622226378,0.0,-0.021799861847299352,-0.0,0.16700299473224287,1,277,-0.3097479660965765,0.6384777115362018,1
6,29.0,50,1,29,0.285381019115448,1,0.0,-0.3911901986891897,0.0,0.4509024622226378,0.0,0.1586528449956307,1,278,-0.3097479660965765,0.6384777115362018,1
6,30.0,50,1,30,0.15774747729301453,1,1.0,-1.0002520836380042,0.0,-0.3911901986891897,-0.0,0.15072020274584916,1,279,-0.3097479660965765,0.6384777115362018,1
6,31.0,50,1,31,0.12272234261035919,1,0.0,0.0018449455986836033,1.0,-1.0002520836380042,-1.0002520836380042,0.19318419260855674,1,280,-0.3097479660965765,0.6384777115362018,1
6,32.0,50,1,32,0.20187273621559143,1,0.0,-0.21453358008822965,0.0,0.0018449455986836033,0.0,0.1835249829781289,1,281,-0.3097479660965765,0.6384777115362018,1
6,33.0,50,1,33,0.174895778298378,1,0.0,0.9913346960303957,0.0,-0.21453358008822965,-0.0,0.17434873382922242,1,282,-0.3097479660965765,0.6384777115362018,1
6,34.0,50,1,34,0.43389037251472473,1,0.0,0.6729939412885121,0.0,0.9913346960303957,0.0,0.16563129713776129,1,283,-0.3097479660965765,0.6384777115362018,1
6,35.0,50,1,35,0.34051451086997986,1,1.0,0.03577427874703357,0.0,0.6729939412885121,0.0,0.1573497322808732,1,284,-0.3097479660965765,0.6384777115362018,1
6,36.0,50,1,36,0.20719438791275024,1,0.0,-0.6207029624974271,1.0,0.03577427874703357,0.03577427874703357,0.1994822456668296,1,285,-0.3097479660965765,0.6384777115362018,1
6,37.0,50,1,37,0.14091777801513672,1,0.0,-1.105977933323278,0.0,-0.6207029624974271,-0.0,0.1895081333834881,1,286,-0.3097479660965765,0.6384777115362018,1
6,38.0,50,1,38,0.119380883872509,1,0.0,-0.9501613532995479,0.0,-1.105977933323278,-0.0,0.18003272671431367,1,287,-0.3097479660965765,0.6384777115362018,1
6,39.0,50,1,39,0.12480247020721436,1,0.0,-0.5235564722334232,0.0,-0.9501613532995479,-0.0,0.17103109037859798,1,288,-0.3097479660965765,0.6384777115362018,1
6,40.0,50,1,40,0.14779618382453918,1,0.0,0.036723533492109474,0.0,-0.5235564722334232,-0.0,0.16247953585966807,1,289,-0.3097479660965765,0.6384777115362018,1
6,41.0,50,1,41,0.20745481550693512,1,0.0,0.07322102790594073,0.0,0.036723533492109474,0.0,0.15435555906668466,1,290,-0.3097479660965765,0.6384777115362018,1
6,42.0,50,1,42,0.2131994068622589,1,1.0,-0.35049577556216166,0.0,0.07322102790594073,0.0,0.1466377811133504,1,291,-0.3097479660965765,0.6384777115362018,1
6,43.0,50,1,43,0.16239319741725922,1,0.0,-1.1280241248231282,1.0,-0.35049577556216166,-0.35049577556216166,0.18930589205768292,1,292,-0.3097479660965765,0.6384777115362018,1
6,44.0,50,1,44,0.11946942657232285,1,1.0,-1.1344122607403375,0.0,-1.1280241248231282,-0.0,0.17984059745479877,1,293,-0.3097479660965765,0.6384777115362018,1
6,45.0,50,1,45,0.11924481391906738,1,0.0,0.08726259271809884,1.0,-1.1344122607403375,-1.1344122607403375,0.22084856758205887,1,294,-0.3097479660965765,0.6384777115362018,1
6,46.0,50,1,46,0.215765118598938,1,0.0,0.804618052282445,0.0,0.08726259271809884,0.0,0.2098061392029559,1,295,-0.3097479660965765,0.6384777115362018,1
6,47.0,50,1,47,0.37563908100128174,1,1.0,-0.0014444642620487225,0.0,0.804618052282445,0.0,0.1993158322428081,1,296,-0.3097479660965765,0.6384777115362018,1
6,48.0,50,1,48,0.2023983895778656,1,1.0,0.32381585245427824,1.0,-0.0014444642620487225,-0.0014444642620487225,0.2393500406306677,1,297,-0.3097479660965765,0.6384777115362018,1
6,49.0,50,1,49,0.2577013671398163,1,1.0,0.0766774154704282,1.0,0.32381585245427824,0.32381585245427824,0.27738253859913437,1,298,-0.3097479660965765,0.6384777115362018,1
6,50.0,50,1,50,0.21405485272407532,1,0.0,0.23268196208776398,1.0,0.0766774154704282,0.0766774154704282,0.3135134116691777,1,299,-0.3097479660965765,0.6384777115362018,1
7,1.0,50,1,1,0.3136288821697235,1,0.0,0.48803833454867307,0.0,0.5321673507519874,0.0,0.0,1,300,-2.916192723604331,-1.621080844822334,1
7,2.0,50,1,2,0.3065603971481323,1,0.0,0.1440338524386804,0.0,0.48803833454867307,0.0,0.0,1,301,-2.916192723604331,-1.621080844822334,1
7,3.0,50,1,3,0.23120155930519104,1,0.0,-0.3553218613521294,0.0,0.1440338524386804,0.0,0.0,1,302,-2.916192723604331,-1.621080844822334,1
7,4.0,50,1,4,0.16651368141174316,1,0.0,-1.738301644620459,0.0,-0.3553218613521294,-0.0,0.0,1,303,-2.916192723604331,-1.621080844822334,1
7,5.0,50,1,5,0.10842030495405197,1,0.0,-1.3501405814306078,0.0,-1.738301644620459,-0.0,0.0,1,304,-2.916192723604331,-1.621080844822334,1
7,6.0,50,1,6,0.11511410772800446,1,0.0,-2.5595326777722534,0.0,-1.3501405814306078,-0.0,0.0,1,305,-2.916192723604331,-1.621080844822334,1
7,7.0,50,1,7,0.102452352643013,1,1.0,-2.3119254307812795,0.0,-2.5595326777722534,-0.0,0.0,1,306,-2.916192723604331,-1.621080844822334,1
7,8.0,50,1,8,0.10370761901140213,1,0.0,-1.2004941303957954,1.0,-2.3119254307812795,-2.3119254307812795,0.050000000000000044,1,307,-2.916192723604331,-1.621080844822334,1
7,9.0,50,1,9,0.11923287808895111,1,1.0,-0.15025519012746869,0.0,-1.2004941303957954,-0.0,0.04750000000000004,1,308,-2.916192723604331,-1.621080844822334,1
7,10.0,50,1,10,0.1861783117055893,1,1.0,0.007268633370709043,1.0,-0.15025519012746869,-0.15025519012746869,0.09512500000000007,1,309,-2.916192723604331,-1.621080844822334,1
7,11.0,50,1,11,0.2051543891429901,1,0.0,-1.2198677393739832,1.0,0.007268633370709043,0.007268633370709043,0.1403687500000001,1,310,-2.916192723604331,-1.621080844822334,1
7,12.0,50,1,12,0.11713289469480515,1,1.0,-0.41991228606899034,0.0,-1.2198677393739832,-0.0,0.1333503125000001,1,311,-2.916192723604331,-1.621080844822334,1
7,13.0,50,1,13,0.1564674973487854,1,0.0,-0.5504319746208145,1.0,-0.41991228606899034,-0.41991228606899034,0.17668279687500013,1,312,-2.916192723604331,-1.621080844822334,1
7,14.0,50,1,14,0.14613209664821625,1,0.0,-0.2894454047183168,0.0,-0.5504319746208145,-0.0,0.1678486570312501,1,313,-2.916192723604331,-1.621080844822334,1
7,15.0,50,1,15,0.16814371943473816,1,0.0,0.3114466901996664,0.0,-0.2894454047183168,-0.0,0.15945622417968758,1,314,-2.916192723604331,-1.621080844822334,1
7,16.0,50,1,16,0.25611135363578796,1,0.0,-1.0142795879467679,0.0,0.3114466901996664,0.0,0.15148341297070317,1,315,-2.916192723604331,-1.621080844822334,1
7,17.0,50,1,17,0.12256341427564621,1,0.0,-2.0187034464228693,0.0,-1.0142795879467679,-0.0,0.143909242322168,1,316,-2.916192723604331,-1.621080844822334,1
7,18.0,50,1,18,0.10458145290613174,1,0.0,-0.23391654215929844,0.0,-2.0187034464228693,-0.0,0.13671378020605962,1,317,-2.916192723604331,-1.621080844822334,1
7,19.0,50,1,19,0.17318487167358398,1,0.0,-1.1464167856668075,0.0,-0.23391654215929844,-0.0,0.12987809119575663,1,318,-2.916192723604331,-1.621080844822334,1
7,20.0,50,1,20,0.11819692701101303,1,0.0,-1.9732929813135134,0.0,-1.1464167856668075,-0.0,0.1233841866359688,1,319,-2.916192723604331,-1.621080844822334,1
7,21.0,50,1,21,0.1048760861158371,1,1.0,-0.7207077747675537,0.0,-1.9732929813135134,-0.0,0.11721497730417035,1,320,-2.916192723604331,-1.621080844822334,1
7,22.0,50,1,22,0.13530418276786804,1,0.0,-0.7958757602948956,1.0,-0.7207077747675537,-0.7207077747675537,0.16135422843896186,1,321,-2.916192723604331,-1.621080844822334,1
7,23.0,50,1,23,0.13149762153625488,1,0.0,-0.5325245474088457,0.0,-0.7958757602948956,-0.0,0.15328651701701376,1,322,-2.916192723604331,-1.621080844822334,1
7,24.0,50,1,24,0.14696134626865387,1,0.0,-0.5253996676711795,0.0,-0.5325245474088457,-0.0,0.14562219116616307,1,323,-2.916192723604331,-1.621080844822334,1
7,25.0,50,1,25,0.14714568853378296,1,0.0,-0.07337064948330552,0.0,-0.5253996676711795,-0.0,0.1383410816078549,1,324,-2.916192723604331,-1.621080844822334,1
7,26.0,50,1,26,0.1919897198677063,1,0.0,-1.1005304921255892,0.0,-0.07337064948330552,-0.0,0.13142402752746216,1,325,-2.916192723604331,-1.621080844822334,1
7,27.0,50,1,27,0.11941922456026077,1,0.0,-1.9599129280832996,0.0,-1.1005304921255892,-0.0,0.12485282615108903,1,326,-2.916192723604331,-1.621080844822334,1
7,28.0,50,1,28,0.1049576923251152,1,0.0,-1.1308242550903431,0.0,-1.9599129280832996,-0.0,0.11861018484353458,1,327,-2.916192723604331,-1.621080844822334,1
7,29.0,50,1,29,0.11861744523048401,1,0.0,-1.3322936593866825,0.0,-1.1308242550903431,-0.0,0.11267967560135785,1,328,-2.916192723604331,-1.621080844822334,1
7,30.0,50,1,30,0.11349722743034363,1,0.0,-1.842537424899003,0.0,-1.3322936593866825,-0.0,0.10704569182128994,1,329,-2.916192723604331,-1.621080844822334,1
7,31.0,50,1,31,0.10600100457668304,1,0.0,-2.0034638287239197,0.0,-1.842537424899003,-0.0,0.10169340723022545,1,330,-2.916192723604331,-1.621080844822334,1
7,32.0,50,1,32,0.10461591929197311,1,0.0,-0.8439923373783167,0.0,-2.0034638287239197,-0.0,0.09660873686871417,1,331,-2.916192723604331,-1.621080844822334,1
7,33.0,50,1,33,0.12898527085781097,1,0.0,0.4217932077863138,0.0,-0.8439923373783167,-0.0,0.09177830002527847,1,332,-2.916192723604331,-1.621080844822334,1
7,34.0,50,1,34,0.2785762846469879,1,0.0,0.00918128836526294,0.0,0.4217932077863138,0.0,0.08718938502401455,1,333,-2.916192723604331,-1.621080844822334,1
7,35.0,50,1,35,0.2033417969942093,1,0.0,0.7800550868324503,0.0,0.00918128836526294,0.0,0.08282991577281382,1,334,-2.916192723604331,-1.621080844822334,1
7,36.0,50,1,36,0.3702731430530548,1,0.0,1.03097790493671,0.0,0.7800550868324503,0.0,0.07868841998417313,1,335,-2.916192723604331,-1.621080844822334,1
7,37.0,50,1,37,0.44624489545822144,1,1.0,0.7953508345677697,0.0,1.03097790493671,0.0,0.07475399898496446,1,336,-2.916192723604331,-1.621080844822334,1
7,38.0,50,1,38,0.37428027391433716,1,1.0,0.4047444497355254,1.0,0.7953508345677697,0.7953508345677697,0.12101629903571627,1,337,-2.916192723604331,-1.621080844822334,1
7,39.0,50,1,39,0.2744309604167938,1,0.0,-1.5737991549229786,1.0,0.4047444497355254,0.4047444497355254,0.1649654840839305,1,338,-2.916192723604331,-1.621080844822334,1
7,40.0,50,1,40,0.10943210870027542,1,0.0,-1.3138134144391211,0.0,-1.5737991549229786,-0.0,0.15671720987973398,1,339,-2.916192723604331,-1.621080844822334,1
7,41.0,50,1,41,0.11422791332006454,1,0.0,-0.8057036688289547,0.0,-1.3138134144391211,-0.0,0.14888134938574726,1,340,-2.916192723604331,-1.621080844822334,1
7,42.0,50,1,42,0.1314719021320343,1,0.0,0.30097609007846937,0.0,-0.8057036688289547,-0.0,0.1414372819164599,1,341,-2.916192723604331,-1.621080844822334,1
7,43.0,50,1,43,0.25318336486816406,1,0.0,-0.5368129175343721,0.0,0.30097609007846937,0.0,0.1343654178206369,1,342,-2.916192723604331,-1.621080844822334,1
7,44.0,50,1,44,0.1476762890815735,1,0.0,-0.22571017639810453,0.0,-0.5368129175343721,-0.0,0.12764714692960505,1,343,-2.916192723604331,-1.621080844822334,1
7,45.0,50,1,45,0.17500151693820953,1,0.0,-1.2864676063164455,0.0,-0.22571017639810453,-0.0,0.12126478958312478,1,344,-2.916192723604331,-1.621080844822334,1
7,46.0,50,1,46,0.11512686312198639,1,0.0,-0.9916200993849845,0.0,-1.2864676063164455,-0.0,0.11520155010396854,1,345,-2.916192723604331,-1.621080844822334,1
7,47.0,50,1,47,0.12381773442029953,1,0.0,-0.9826954559025166,0.0,-0.9916200993849845,-0.0,0.10944147259877011,1,346,-2.916192723604331,-1.621080844822334,1
7,48.0,50,1,48,0.12409619241952896,1,0.0,-1.0085119915188225,0.0,-0.9826954559025166,-0.0,0.1039693989688316,1,347,-2.916192723604331,-1.621080844822334,1
7,49.0,50,1,49,0.12317352741956711,1,0.0,0.14461357398077423,0.0,-1.0085119915188225,-0.0,0.09877092902039002,1,348,-2.916192723604331,-1.621080844822334,1
7,50.0,50,1,50,0.2249627262353897,1,0.0,0.1082990961389424,0.0,0.14461357398077423,0.0,0.09383238256937051,1,349,-2.916192723604331,-1.621080844822334,1
8,1.0,50,1,1,0.3989466726779938,1,0.0,1.6239023338457799,0.0,-0.7941320855763573,0.0,0.0,1,350,0.16505162794086048,1.171153934941535,1
8,2.0,50,1,2,0.6647834777832031,1,1.0,1.7846133138665172,0.0,1.6239023338457799,0.0,0.0,1,351,0.16505162794086048,1.171153934941535,1
8,3.0,50,1,3,0.6677430272102356,1,0.0,0.6145437020888189,1.0,1.7846133138665172,1.7846133138665172,0.050000000000000044,1,352,0.16505162794086048,1.171153934941535,1
8,4.0,50,1,4,0.3278205096721649,1,0.0,0.6265702283477191,0.0,0.6145437020888189,0.0,0.04750000000000004,1,353,0.16505162794086048,1.171153934941535,1
8,5.0,50,1,5,0.3285614252090454,1,0.0,-0.0015441441666221856,0.0,0.6265702283477191,0.0,0.04512500000000004,1,354,0.16505162794086048,1.171153934941535,1
8,6.0,50,1,6,0.20627428591251373,1,1.0,0.37514266623145576,0.0,-0.0015441441666221856,-0.0,0.04286875000000004,1,355,0.16505162794086048,1.171153934941535,1
8,7.0,50,1,7,0.2722008526325226,1,0.0,-1.4624241948319314,1.0,0.37514266623145576,0.37514266623145576,0.09072531250000009,1,356,0.16505162794086048,1.171153934941535,1
8,8.0,50,1,8,0.11329052597284317,1,0.0,-0.6964776685157671,0.0,-1.4624241948319314,-0.0,0.08618904687500008,1,357,0.16505162794086048,1.171153934941535,1
8,9.0,50,1,9,0.140421062707901,1,0.0,-0.9829913013199438,0.0,-0.6964776685157671,-0.0,0.08187959453125007,1,358,0.16505162794086048,1.171153934941535,1
8,10.0,50,1,10,0.12580427527427673,1,0.0,0.17769625435090816,0.0,-0.9829913013199438,-0.0,0.07778561480468757,1,359,0.16505162794086048,1.171153934941535,1
8,11.0,50,1,11,0.2320556640625,1,0.0,-0.9490864912837016,0.0,0.17769625435090816,0.0,0.07389633406445319,1,360,0.16505162794086048,1.171153934941535,1
8,12.0,50,1,12,0.12594112753868103,1,0.0,0.9964780298150053,0.0,-0.9490864912837016,-0.0,0.07020151736123052,1,361,0.16505162794086048,1.171153934941535,1
8,13.0,50,1,13,0.43452557921409607,1,0.0,0.24540058905220155,0.0,0.9964780298150053,0.0,0.066691441493169,1,362,0.16505162794086048,1.171153934941535,1
8,14.0,50,1,14,0.24280402064323425,1,1.0,-0.6184356774966766,0.0,0.24540058905220155,0.0,0.06335686941851054,1,363,0.16505162794086048,1.171153934941535,1
8,15.0,50,1,15,0.14178438484668732,1,0.0,-0.7302823928956065,1.0,-0.6184356774966766,-0.6184356774966766,0.11018902594758508,1,364,0.16505162794086048,1.171153934941535,1
8,16.0,50,1,16,0.13505306839942932,1,0.0,-0.0464969046245243,0.0,-0.7302823928956065,-0.0,0.10467957465020582,1,365,0.16505162794086048,1.171153934941535,1
8,17.0,50,1,17,0.1960591971874237,1,0.0,0.31686551093037396,0.0,-0.0464969046245243,-0.0,0.09944559591769551,1,366,0.16505162794086048,1.171153934941535,1
8,18.0,50,1,18,0.2569918930530548,1,0.0,0.5448072467932066,0.0,0.31686551093037396,0.0,0.09447331612181073,1,367,0.16505162794086048,1.171153934941535,1
8,19.0,50,1,19,0.3082915246486664,1,1.0,0.5618213719486282,0.0,0.5448072467932066,0.0,0.08974965031572019,1,368,0.16505162794086048,1.171153934941535,1
8,20.0,50,1,20,0.31240782141685486,1,1.0,0.29542727175805883,1.0,0.5618213719486282,0.5618213719486282,0.13526216779993422,1,369,0.16505162794086048,1.171153934941535,1
8,21.0,50,1,21,0.2525021731853485,1,0.0,0.9801176131247802,1.0,0.29542727175805883,0.29542727175805883,0.17849905940993754,1,370,0.16505162794086048,1.171153934941535,1
8,22.0,50,1,22,0.43167221546173096,1,1.0,0.20779962493493936,0.0,0.9801176131247802,0.0,0.16957410643944065,1,371,0.16505162794086048,1.171153934941535,1
8,23.0,50,1,23,0.23611748218536377,1,0.0,-0.4729428065219944,1.0,0.20779962493493936,0.20779962493493936,0.21109540111746866,1,372,0.16505162794086048,1.171153934941535,1
8,24.0,50,1,24,0.15137359499931335,1,0.0,-0.9160624408615656,0.0,-0.4729428065219944,-0.0,0.20054063106159523,1,373,0.16505162794086048,1.171153934941535,1
8,25.0,50,1,25,0.12582162022590637,1,0.0,0.8871290858820712,0.0,-0.9160624408615656,-0.0,0.19051359950851546,1,374,0.16505162794086048,1.171153934941535,1
8,26.0,50,1,26,0.40354809165000916,1,1.0,0.30859027331535693,0.0,0.8871290858820712,0.0,0.18098791953308968,1,375,0.16505162794086048,1.171153934941535,1
8,27.0,50,1,27,0.25522947311401367,1,1.0,1.0281229027861536,1.0,0.30859027331535693,0.30859027331535693,0.22193852355643523,1,376,0.16505162794086048,1.171153934941535,1
8,28.0,50,1,28,0.4471459984779358,1,1.0,0.9764865129054057,1.0,1.0281229027861536,1.0281229027861536,0.2608415973786135,1,377,0.16505162794086048,1.171153934941535,1
8,29.0,50,1,29,0.4297122359275818,1,0.0,0.6033864234648427,1.0,0.9764865129054057,0.9764865129054057,0.29779951750968287,1,378,0.16505162794086048,1.171153934941535,1
8,30.0,50,1,30,0.32210779190063477,1,0.0,0.22647385688424154,0.0,0.6033864234648427,0.0,0.28290954163419874,1,379,0.16505162794086048,1.171153934941535,1
8,31.0,50,1,31,0.23864984512329102,1,1.0,0.48464510382472586,0.0,0.22647385688424154,0.0,0.2687640645524888,1,380,0.16505162794086048,1.171153934941535,1
8,32.0,50,1,32,0.2926383316516876,1,0.0,1.297011355646354,1.0,0.48464510382472586,0.48464510382472586,0.3053258613248644,1,381,0.16505162794086048,1.171153934941535,1
8,33.0,50,1,33,0.5313001275062561,1,1.0,1.4129873092198113,0.0,1.297011355646354,0.0,0.29005956825862117,1,382,0.16505162794086048,1.171153934941535,1
8,34.0,50,1,34,0.5678591132164001,1,0.0,0.6514916930820083,1.0,1.4129873092198113,1.4129873092198113,0.32555658984569014,1,383,0.16505162794086048,1.171153934941535,1
8,35.0,50,1,35,0.3347572982311249,1,0.0,1.171367985952864,0.0,0.6514916930820083,0.0,0.3092787603534056,1,384,0.16505162794086048,1.171153934941535,1
8,36.0,50,1,36,0.4908807873725891,1,1.0,0.9203550099365978,0.0,1.171367985952864,0.0,0.29381482233573536,1,385,0.16505162794086048,1.171153934941535,1
8,37.0,50,1,37,0.41188687086105347,1,1.0,2.141237420965851,1.0,0.9203550099365978,0.9203550099365978,0.32912408121894865,1,386,0.16505162794086048,1.171153934941535,1
8,38.0,50,1,38,0.7546509504318237,1,1.0,1.4054119231509248,1.0,2.141237420965851,2.141237420965851,0.36266787715800125,1,387,0.16505162794086048,1.171153934941535,1
8,39.0,50,1,39,0.5638223886489868,1,1.0,1.4698394541298367,1.0,1.4054119231509248,1.4054119231509248,0.3945344833001012,1,388,0.16505162794086048,1.171153934941535,1
8,40.0,50,1,40,0.5825056433677673,1,0.0,1.5540982755449864,1.0,1.4698394541298367,1.4698394541298367,0.42480775913509616,1,389,0.16505162794086048,1.171153934941535,1
8,41.0,50,1,41,0.6073505282402039,1,1.0,0.7212730709621259,0.0,1.5540982755449864,0.0,0.40356737117834135,1,390,0.16505162794086048,1.171153934941535,1
8,42.0,50,1,42,0.3521153926849365,1,0.0,0.03893570916873092,1.0,0.7212730709621259,0.7212730709621259,0.4333890026194243,1,391,0.16505162794086048,1.171153934941535,1
8,43.0,50,1,43,0.20827332139015198,1,1.0,-1.077302311691516,0.0,0.03893570916873092,0.0,0.4117195524884531,1,392,0.16505162794086048,1.171153934941535,1
8,44.0,50,1,44,0.12104816734790802,1,0.0,-0.8168601453947828,1.0,-1.077302311691516,-1.077302311691516,0.4411335748640305,1,393,0.16505162794086048,1.171153934941535,1
8,45.0,50,1,45,0.13127923011779785,1,0.0,-0.9903393659310467,0.0,-0.8168601453947828,-0.0,0.41907689612082893,1,394,0.16505162794086048,1.171153934941535,1
8,46.0,50,1,46,0.12389136850833893,1,1.0,0.5770074421707876,0.0,-0.9903393659310467,-0.0,0.3981230513147875,1,395,0.16505162794086048,1.171153934941535,1
8,47.0,50,1,47,0.31467074155807495,1,1.0,1.3710894221416345,1.0,0.5770074421707876,0.5770074421707876,0.4282168987490481,1,396,0.16505162794086048,1.171153934941535,1
8,48.0,50,1,48,0.5504838824272156,1,1.0,2.082827740994032,1.0,1.3710894221416345,1.3710894221416345,0.4568060538115958,1,397,0.16505162794086048,1.171153934941535,1
8,49.0,50,1,49,0.739007294178009,1,1.0,1.0796186440598827,1.0,2.082827740994032,2.082827740994032,0.48396575112101603,1,398,0.16505162794086048,1.171153934941535,1
8,50.0,50,1,50,0.458335816860199,1,1.0,0.09197209780383475,1.0,1.0796186440598827,1.0796186440598827,0.5097674635649653,1,399,0.16505162794086048,1.171153934941535,1
9,1.0,50,1,1,0.37656205892562866,1,0.0,-1.274334933277716,0.0,-0.46734435864706136,0.0,0.0,1,400,0.6837118940319757,1.0614497211289775,1
9,2.0,50,1,2,0.11367424577474594,1,0.0,-0.6851559724382084,0.0,-1.274334933277716,-0.0,0.0,1,401,0.6837118940319757,1.0614497211289775,1
9,3.0,50,1,3,0.14157602190971375,1,0.0,-0.5411448992908496,0.0,-0.6851559724382084,-0.0,0.0,1,402,0.6837118940319757,1.0614497211289775,1
9,4.0,50,1,4,0.15114551782608032,1,0.0,0.24844281188762457,0.0,-0.5411448992908496,-0.0,0.0,1,403,0.6837118940319757,1.0614497211289775,1
9,5.0,50,1,5,0.24638354778289795,1,0.0,2.1664204454693103,0.0,0.24844281188762457,0.0,0.0,1,404,0.6837118940319757,1.0614497211289775,1
9,6.0,50,1,6,0.7489590048789978,1,1.0,1.5856019919652884,0.0,2.1664204454693103,0.0,0.0,1,405,0.6837118940319757,1.0614497211289775,1
9,7.0,50,1,7,0.6089415550231934,1,1.0,2.0729269844394893,1.0,1.5856019919652884,1.5856019919652884,0.050000000000000044,1,406,0.6837118940319757,1.0614497211289775,1
9,8.0,50,1,8,0.7263180613517761,1,0.0,1.0297523221048819,1.0,2.0729269844394893,2.0729269844394893,0.09750000000000009,1,407,0.6837118940319757,1.0614497211289775,1
9,9.0,50,1,9,0.44135135412216187,1,0.0,0.7864249865446764,0.0,1.0297523221048819,0.0,0.09262500000000007,1,408,0.6837118940319757,1.0614497211289775,1
9,10.0,50,1,10,0.37142664194107056,1,1.0,-0.20702825693523996,0.0,0.7864249865446764,0.0,0.08799375000000006,1,409,0.6837118940319757,1.0614497211289775,1
9,11.0,50,1,11,0.1780688762664795,1,0.0,0.6952806072284461,1.0,-0.20702825693523996,-0.20702825693523996,0.1335940625000001,1,410,0.6837118940319757,1.0614497211289775,1
9,12.0,50,1,12,0.3466572165489197,1,0.0,-0.6335388908365187,0.0,0.6952806072284461,0.0,0.12691435937500012,1,411,0.6837118940319757,1.0614497211289775,1
9,13.0,50,1,13,0.14106690883636475,1,0.0,0.20525614206709314,0.0,-0.6335388908365187,-0.0,0.12056864140625012,1,412,0.6837118940319757,1.0614497211289775,1
9,14.0,50,1,14,0.235458642244339,1,1.0,-1.480108845159203,0.0,0.20525614206709314,0.0,0.11454020933593761,1,413,0.6837118940319757,1.0614497211289775,1
9,15.0,50,1,15,0.11100799590349197,1,0.0,-0.719241963485499,1.0,-1.480108845159203,-1.480108845159203,0.15881319886914078,1,414,0.6837118940319757,1.0614497211289775,1
9,16.0,50,1,16,0.1356496512889862,1,0.0,0.06605737452509389,0.0,-0.719241963485499,-0.0,0.15087253892568372,1,415,0.6837118940319757,1.0614497211289775,1
9,17.0,50,1,17,0.21234604716300964,1,0.0,2.2420315596189195,0.0,0.06605737452509389,0.0,0.14332891197939954,1,416,0.6837118940319757,1.0614497211289775,1
9,18.0,50,1,18,0.7741677165031433,1,0.0,1.6427325265250041,0.0,2.2420315596189195,0.0,0.13616246638042956,1,417,0.6837118940319757,1.0614497211289775,1
9,19.0,50,1,19,0.6381862759590149,1,1.0,1.619804463642852,0.0,1.6427325265250041,0.0,0.12935434306140808,1,418,0.6837118940319757,1.0614497211289775,1
9,20.0,50,1,20,0.6312089562416077,1,0.0,1.8982677365095595,1.0,1.619804463642852,1.619804463642852,0.17288662590833773,1,419,0.6837118940319757,1.0614497211289775,1
9,21.0,50,1,21,0.7048946022987366,1,1.0,1.925624770404341,0.0,1.8982677365095595,0.0,0.16424229461292084,1,420,0.6837118940319757,1.0614497211289775,1
9,22.0,50,1,22,0.7109304666519165,1,1.0,2.6492127110490666,1.0,1.925624770404341,1.925624770404341,0.20603017988227484,1,421,0.6837118940319757,1.0614497211289775,1
9,23.0,50,1,23,0.8291658759117126,1,0.0,0.9201357235485068,1.0,2.6492127110490666,2.6492127110490666,0.24572867088816114,1,422,0.6837118940319757,1.0614497211289775,1
9,24.0,50,1,24,0.4129890203475952,1,1.0,1.2236151438507625,0.0,0.9201357235485068,0.0,0.23344223734375305,1,423,0.6837118940319757,1.0614497211289775,1
9,25.0,50,1,25,0.5099450945854187,1,0.0,-0.11373136116199772,1.0,1.2236151438507625,1.2236151438507625,0.2717701254765654,1,424,0.6837118940319757,1.0614497211289775,1
9,26.0,50,1,26,0.18682250380516052,1,0.0,-0.4211569330871127,0.0,-0.11373136116199772,-0.0,0.25818161920273713,1,425,0.6837118940319757,1.0614497211289775,1
9,27.0,50,1,27,0.15533891320228577,1,0.0,-0.21275728744848132,0.0,-0.4211569330871127,-0.0,0.24527253824260029,1,426,0.6837118940319757,1.0614497211289775,1
9,28.0,50,1,28,0.17531812191009521,1,0.0,0.48124175259070495,0.0,-0.21275728744848132,-0.0,0.23300891133047025,1,427,0.6837118940319757,1.0614497211289775,1
9,29.0,50,1,29,0.2924058437347412,1,0.0,-0.04164202946793927,0.0,0.48124175259070495,0.0,0.22135846576394672,1,428,0.6837118940319757,1.0614497211289775,1
9,30.0,50,1,30,0.19601929187774658,1,0.0,0.5198212215268224,0.0,-0.04164202946793927,-0.0,0.21029054247574935,1,429,0.6837118940319757,1.0614497211289775,1
9,31.0,50,1,31,0.3011113107204437,1,0.0,0.837388548610315,0.0,0.5198212215268224,0.0,0.19977601535196188,1,430,0.6837118940319757,1.0614497211289775,1
9,32.0,50,1,32,0.3869471848011017,1,0.0,1.5099340103146826,0.0,0.837388548610315,0.0,0.18978721458436376,1,431,0.6837118940319757,1.0614497211289775,1
9,33.0,50,1,33,0.5977239012718201,1,1.0,0.9804205766312499,0.0,1.5099340103146826,0.0,0.18029785385514557,1,432,0.6837118940319757,1.0614497211289775,1
9,34.0,50,1,34,0.43049031496047974,1,1.0,1.8125860923231756,1.0,0.9804205766312499,0.9804205766312499,0.22128296116238835,1,433,0.6837118940319757,1.0614497211289775,1
9,35.0,50,1,35,0.6820670962333679,1,1.0,0.7035300945096006,1.0,1.8125860923231756,1.8125860923231756,0.260218813104269,1,434,0.6837118940319757,1.0614497211289775,1
9,36.0,50,1,36,0.34877264499664307,1,1.0,1.463055386107603,1.0,0.7035300945096006,0.7035300945096006,0.29720787244905555,1,435,0.6837118940319757,1.0614497211289775,1
9,37.0,50,1,37,0.5833339691162109,1,1.0,1.8776451083793466,1.0,1.463055386107603,1.463055386107603,0.3323474788266028,1,436,0.6837118940319757,1.0614497211289775,1
9,38.0,50,1,38,0.6976176500320435,1,1.0,1.834969292094167,1.0,1.8776451083793466,1.8776451083793466,0.36573010488527274,1,437,0.6837118940319757,1.0614497211289775,1
9,39.0,50,1,39,0.686144232749939,1,0.0,0.9566306204501003,1.0,1.834969292094167,1.834969292094167,0.39744359964100917,1,438,0.6837118940319757,1.0614497211289775,1
9,40.0,50,1,40,0.4212842285633087,1,0.0,1.8302570730818906,0.0,0.9566306204501003,0.0,0.3775714196589587,1,439,0.6837118940319757,1.0614497211289775,1
9,41.0,50,1,41,0.6831887364387512,1,1.0,2.241618675195663,0.0,1.8302570730818906,0.0,0.35869284867601076,1,440,0.6837118940319757,1.0614497211289775,1
9,42.0,50,1,42,0.7692117691040039,1,1.0,2.304128457633248,1.0,2.241618675195663,2.241618675195663,0.39075820624221025,1,441,0.6837118940319757,1.0614497211289775,1
9,43.0,50,1,43,0.7790353894233704,1,1.0,0.9443505624552996,1.0,2.304128457633248,2.304128457633248,0.42122029593009974,1,442,0.6837118940319757,1.0614497211289775,1
9,44.0,50,1,44,0.4166783094406128,1,0.0,1.0772029211186958,1.0,0.9443505624552996,0.9443505624552996,0.45015928113359477,1,443,0.6837118940319757,1.0614497211289775,1
9,45.0,50,1,45,0.45774778723716736,1,0.0,1.492164765488571,0.0,1.0772029211186958,0.0,0.42765131707691495,1,444,0.6837118940319757,1.0614497211289775,1
9,46.0,50,1,46,0.587534487247467,1,0.0,1.0650817644926982,0.0,1.492164765488571,0.0,0.4062687512230692,1,445,0.6837118940319757,1.0614497211289775,1
9,47.0,50,1,47,0.45397526025772095,1,0.0,1.545467634008,0.0,1.0650817644926982,0.0,0.3859553136619157,1,446,0.6837118940319757,1.0614497211289775,1
9,48.0,50,1,48,0.6035476326942444,1,0.0,1.4088169998928328,0.0,1.545467634008,0.0,0.3666575479788199,1,447,0.6837118940319757,1.0614497211289775,1
9,49.0,50,1,49,0.5619405508041382,1,1.0,2.044610975407109,0.0,1.4088169998928328,0.0,0.34832467057987887,1,448,0.6837118940319757,1.0614497211289775,1
9,50.0,50,1,50,0.7308104634284973,1,1.0,2.1433391380018167,1.0,2.044610975407109,2.044610975407109,0.38090843705088495,1,449,0.6837118940319757,1.0614497211289775,1
10,1.0,50,1,1,0.28943225741386414,1,0.0,1.2989181779627577,0.0,0.9641130004253087,0.0,0.0,1,450,0.06065559834898718,-0.4677744709609331,1
10,2.0,50,1,2,0.5641170740127563,1,0.0,1.2980586504987424,0.0,1.2989181779627577,0.0,0.0,1,451,0.06065559834898718,-0.4677744709609331,1
10,3.0,50,1,3,0.5290870666503906,1,1.0,1.5466739549140744,0.0,1.2980586504987424,0.0,0.0,1,452,0.06065559834898718,-0.4677744709609331,1
10,4.0,50,1,4,0.598164439201355,1,0.0,1.9763175419947832,1.0,1.5466739549140744,1.5466739549140744,0.050000000000000044,1,453,0.06065559834898718,-0.4677744709609331,1
10,5.0,50,1,5,0.7081593871116638,1,1.0,1.2260302365757922,0.0,1.9763175419947832,0.0,0.04750000000000004,1,454,0.06065559834898718,-0.4677744709609331,1
10,6.0,50,1,6,0.5023393034934998,1,0.0,1.416422837098771,1.0,1.2260302365757922,1.2260302365757922,0.09512500000000007,1,455,0.06065559834898718,-0.4677744709609331,1
10,7.0,50,1,7,0.5595371127128601,1,1.0,0.7361604082191958,0.0,1.416422837098771,0.0,0.09036875000000007,1,456,0.06065559834898718,-0.4677744709609331,1
10,8.0,50,1,8,0.357466459274292,1,0.0,1.336249431534198,1.0,0.7361604082191958,0.7361604082191958,0.13585031250000013,1,457,0.06065559834898718,-0.4677744709609331,1
10,9.0,50,1,9,0.5345178842544556,1,0.0,0.6111815848901386,0.0,1.336249431534198,0.0,0.12905779687500013,1,458,0.06065559834898718,-0.4677744709609331,1
10,10.0,50,1,10,0.32514962553977966,1,0.0,-0.23605867179624357,0.0,0.6111815848901386,0.0,0.12260490703125011,1,459,0.06065559834898718,-0.4677744709609331,1
10,11.0,50,1,11,0.17491966485977173,1,0.0,-0.783908516828139,0.0,-0.23605867179624357,-0.0,0.1164746616796876,1,460,0.06065559834898718,-0.4677744709609331,1
10,12.0,50,1,12,0.13332140445709229,1,0.0,-1.4319531636719551,0.0,-0.783908516828139,-0.0,0.1106509285957032,1,461,0.06065559834898718,-0.4677744709609331,1
10,13.0,50,1,13,0.11201214790344238,1,0.0,-1.0950607292013488,0.0,-1.4319531636719551,-0.0,0.10511838216591805,1,462,0.06065559834898718,-0.4677744709609331,1
10,14.0,50,1,14,0.12005162984132767,1,0.0,-0.40970803413253887,0.0,-1.0950607292013488,-0.0,0.09986246305762214,1,463,0.06065559834898718,-0.4677744709609331,1
10,15.0,50,1,15,0.15710361301898956,1,0.0,-0.644669612991955,0.0,-0.40970803413253887,-0.0,0.09486933990474103,1,464,0.06065559834898718,-0.4677744709609331,1
10,16.0,50,1,16,0.13993969559669495,1,0.0,-1.0521817985385038,0.0,-0.644669612991955,-0.0,0.09012587290950397,1,465,0.06065559834898718,-0.4677744709609331,1
10,17.0,50,1,17,0.12127146869897842,1,0.0,-1.6815445962869147,0.0,-1.0521817985385038,-0.0,0.08561957926402876,1,466,0.06065559834898718,-0.4677744709609331,1
10,18.0,50,1,18,0.10783663392066956,1,0.0,0.2462800042657484,0.0,-1.6815445962869147,-0.0,0.08133860030082732,1,467,0.06065559834898718,-0.4677744709609331,1
10,19.0,50,1,19,0.24311211705207825,1,1.0,-0.1702257116755505,0.0,0.2462800042657484,0.0,0.07727167028578595,1,468,0.06065559834898718,-0.4677744709609331,1
10,20.0,50,1,20,0.18030953407287598,1,1.0,-0.4836649279026292,1.0,-0.1702257116755505,-0.1702257116755505,0.12340808677149669,1,469,0.06065559834898718,-0.4677744709609331,1
10,21.0,50,1,21,0.1504373848438263,1,1.0,-0.2725177944566773,1.0,-0.4836649279026292,-0.4836649279026292,0.1672376824329219,1,470,0.06065559834898718,-0.4677744709609331,1
10,22.0,50,1,22,0.1692742258310318,1,0.0,-1.0117214876067353,1.0,-0.2725177944566773,-0.2725177944566773,0.20887579831127587,1,471,0.06065559834898718,-0.4677744709609331,1
10,23.0,50,1,23,0.12253961712121964,1,0.0,-0.8989342043691461,0.0,-1.0117214876067353,-0.0,0.19843200839571207,1,472,0.06065559834898718,-0.4677744709609331,1
10,24.0,50,1,24,0.12677322328090668,1,0.0,-0.09588660878209984,0.0,-0.8989342043691461,-0.0,0.18851040797592644,1,473,0.06065559834898718,-0.4677744709609331,1
10,25.0,50,1,25,0.18900126218795776,1,1.0,0.2851627751443966,0.0,-0.09588660878209984,-0.0,0.17908488757713012,1,474,0.06065559834898718,-0.4677744709609331,1
10,26.0,50,1,26,0.25045162439346313,1,0.0,-1.0617024855709443,1.0,0.2851627751443966,0.2851627751443966,0.22013064319827366,1,475,0.06065559834898718,-0.4677744709609331,1
10,27.0,50,1,27,0.12064021825790405,1,0.0,-0.15556612221992072,0.0,-1.0617024855709443,-0.0,0.20912411103835998,1,476,0.06065559834898718,-0.4677744709609331,1
10,28.0,50,1,28,0.1818406581878662,1,1.0,-1.3460968737402956,0.0,-0.15556612221992072,-0.0,0.19866790548644198,1,477,0.06065559834898718,-0.4677744709609331,1
10,29.0,50,1,29,0.11326923221349716,1,0.0,-0.773106117662356,1.0,-1.3460968737402956,-1.3460968737402956,0.23873451021211992,1,478,0.06065559834898718,-0.4677744709609331,1
10,30.0,50,1,30,0.132341206073761,1,0.0,-0.8942112369287273,0.0,-0.773106117662356,-0.0,0.22679778470151393,1,479,0.06065559834898718,-0.4677744709609331,1
10,31.0,50,1,31,0.12679968774318695,1,0.0,-0.9467798031358216,0.0,-0.8942112369287273,-0.0,0.21545789546643823,1,480,0.06065559834898718,-0.4677744709609331,1
10,32.0,50,1,32,0.12461237609386444,1,0.0,-0.3271261556943147,0.0,-0.9467798031358216,-0.0,0.20468500069311632,1,481,0.06065559834898718,-0.4677744709609331,1
10,33.0,50,1,33,0.1634921431541443,1,0.0,-0.2662851806588378,0.0,-0.3271261556943147,-0.0,0.19445075065846049,1,482,0.06065559834898718,-0.4677744709609331,1
10,34.0,50,1,34,0.16962161660194397,1,0.0,-0.6834005673089869,0.0,-0.2662851806588378,-0.0,0.18472821312553744,1,483,0.06065559834898718,-0.4677744709609331,1
10,35.0,50,1,35,0.13728183507919312,1,1.0,1.137848965671742,0.0,-0.6834005673089869,-0.0,0.17549180246926058,1,484,0.06065559834898718,-0.4677744709609331,1
10,36.0,50,1,36,0.4801484942436218,1,1.0,1.5629170984110436,1.0,1.137848965671742,1.137848965671742,0.21671721234579758,1,485,0.06065559834898718,-0.4677744709609331,1
10,37.0,50,1,37,0.6134223341941833,1,0.0,0.34754595389362475,1.0,1.5629170984110436,1.5629170984110436,0.25588135172850773,1,486,0.06065559834898718,-0.4677744709609331,1
10,38.0,50,1,38,0.2623771131038666,1,0.0,2.469080643656439,0.0,0.34754595389362475,0.0,0.24308728414208236,1,487,0.06065559834898718,-0.4677744709609331,1
10,39.0,50,1,39,0.806431233882904,1,1.0,3.7410599561017754,0.0,2.469080643656439,0.0,0.23093291993497822,1,488,0.06065559834898718,-0.4677744709609331,1
10,40.0,50,1,40,0.8861052989959717,1,1.0,2.226083036536651,1.0,3.7410599561017754,3.7410599561017754,0.26938627393822934,1,489,0.06065559834898718,-0.4677744709609331,1
10,41.0,50,1,41,0.7677348852157593,1,1.0,1.9367462860617346,1.0,2.226083036536651,2.226083036536651,0.3059169602413179,1,490,0.06065559834898718,-0.4677744709609331,1
10,42.0,50,1,42,0.7075369358062744,1,1.0,-0.2743461489678603,1.0,1.9367462860617346,1.9367462860617346,0.34062111222925207,1,491,0.06065559834898718,-0.4677744709609331,1
10,43.0,50,1,43,0.16967713832855225,1,0.0,-1.0840446424870858,1.0,-0.2743461489678603,-0.2743461489678603,0.3735900566177895,1,492,0.06065559834898718,-0.4677744709609331,1
10,44.0,50,1,44,0.12083134055137634,1,0.0,-1.1615745223672884,0.0,-1.0840446424870858,-0.0,0.3549105537869,1,493,0.06065559834898718,-0.4677744709609331,1
10,45.0,50,1,45,0.11845576763153076,1,0.0,-0.11195986917994229,0.0,-1.1615745223672884,-0.0,0.337165026097555,1,494,0.06065559834898718,-0.4677744709609331,1
10,46.0,50,1,46,0.18791919946670532,1,1.0,-0.1614339856481678,0.0,-0.11195986917994229,-0.0,0.3203067747926772,1,495,0.06065559834898718,-0.4677744709609331,1
10,47.0,50,1,47,0.18191081285476685,1,0.0,-0.5884174777814761,1.0,-0.1614339856481678,-0.1614339856481678,0.35429143605304336,1,496,0.06065559834898718,-0.4677744709609331,1
10,48.0,50,1,48,0.143832728266716,1,0.0,-0.01720353893478649,0.0,-0.5884174777814761,-0.0,0.3365768642503912,1,497,0.06065559834898718,-0.4677744709609331,1
10,49.0,50,1,49,0.20017847418785095,1,1.0,0.7112757421297693,0.0,-0.01720353893478649,-0.0,0.3197480210378716,1,498,0.06065559834898718,-0.4677744709609331,1
10,50.0,50,1,50,0.3495280146598816,1,1.0,1.1417067139296389,1.0,0.7112757421297693,0.7112757421297693,0.3537606199859781,1,499,0.06065559834898718,-0.4677744709609331,1
11,1.0,50,1,1,0.33834776282310486,1,0.0,1.3828252539549484,0.0,0.12196072713221093,0.0,0.0,1,500,-0.53152572657562,0.8204241779959939,1
11,2.0,50,1,2,0.5915566682815552,1,0.0,1.3930156276436334,0.0,1.3828252539549484,0.0,0.0,1,501,-0.53152572657562,0.8204241779959939,1
11,3.0,50,1,3,0.5579296946525574,1,0.0,2.0395642612906104,0.0,1.3930156276436334,0.0,0.0,1,502,-0.53152572657562,0.8204241779959939,1
11,4.0,50,1,4,0.7222467064857483,1,0.0,1.095099867707706,0.0,2.0395642612906104,0.0,0.0,1,503,-0.53152572657562,0.8204241779959939,1
11,5.0,50,1,5,0.4605759382247925,1,1.0,0.08519436395000048,0.0,1.095099867707706,0.0,0.0,1,504,-0.53152572657562,0.8204241779959939,1
11,6.0,50,1,6,0.21917951107025146,1,0.0,-0.28105571809601043,1.0,0.08519436395000048,0.08519436395000048,0.050000000000000044,1,505,-0.53152572657562,0.8204241779959939,1
11,7.0,50,1,7,0.1730482578277588,1,0.0,-0.8157643983335655,0.0,-0.28105571809601043,-0.0,0.04750000000000004,1,506,-0.53152572657562,0.8204241779959939,1
11,8.0,50,1,8,0.13449347019195557,1,1.0,-1.8286123925535764,0.0,-0.8157643983335655,-0.0,0.04512500000000004,1,507,-0.53152572657562,0.8204241779959939,1
11,9.0,50,1,9,0.10747580230236053,1,0.0,-1.1650807642354288,1.0,-1.8286123925535764,-1.8286123925535764,0.09286875000000008,1,508,-0.53152572657562,0.8204241779959939,1
11,10.0,50,1,10,0.11962978541851044,1,0.0,-0.786318334372961,0.0,-1.1650807642354288,-0.0,0.08822531250000007,1,509,-0.53152572657562,0.8204241779959939,1
11,11.0,50,1,11,0.13341858983039856,1,0.0,-0.2757683572515461,0.0,-0.786318334372961,-0.0,0.08381404687500006,1,510,-0.53152572657562,0.8204241779959939,1
11,12.0,50,1,12,0.17053665220737457,1,0.0,0.05610150720369009,0.0,-0.2757683572515461,-0.0,0.07962334453125006,1,511,-0.53152572657562,0.8204241779959939,1
11,13.0,50,1,13,0.21131208539009094,1,0.0,0.9040599382101908,0.0,0.05610150720369009,0.0,0.07564217730468756,1,512,-0.53152572657562,0.8204241779959939,1
11,14.0,50,1,14,0.4062306880950928,1,0.0,0.9142666135888818,0.0,0.9040599382101908,0.0,0.07186006843945318,1,513,-0.53152572657562,0.8204241779959939,1
11,15.0,50,1,15,0.41053929924964905,1,1.0,0.06116035272786266,0.0,0.9142666135888818,0.0,0.06826706501748052,1,514,-0.53152572657562,0.8204241779959939,1
11,16.0,50,1,16,0.2118135392665863,1,1.0,0.32508033794863345,1.0,0.06116035272786266,0.06116035272786266,0.11485371176660654,1,515,-0.53152572657562,0.8204241779959939,1
11,17.0,50,1,17,0.25858303904533386,1,1.0,0.7541048524356567,1.0,0.32508033794863345,0.32508033794863345,0.15911102617827624,1,516,-0.53152572657562,0.8204241779959939,1
11,18.0,50,1,18,0.3639422059059143,1,0.0,1.28617154884976,1.0,0.7541048524356567,0.7541048524356567,0.20115547486936247,1,517,-0.53152572657562,0.8204241779959939,1
11,19.0,50,1,19,0.5294439196586609,1,1.0,0.9577773405397253,0.0,1.28617154884976,0.0,0.19109770112589433,1,518,-0.53152572657562,0.8204241779959939,1
11,20.0,50,1,20,0.4245619773864746,1,0.0,-0.22700422035055565,1.0,0.9577773405397253,0.9577773405397253,0.23154281606959967,1,519,-0.53152572657562,0.8204241779959939,1
11,21.0,50,1,21,0.17382904887199402,1,0.0,-0.2044903821177,0.0,-0.22700422035055565,-0.0,0.21996567526611968,1,520,-0.53152572657562,0.8204241779959939,1
11,22.0,50,1,22,0.17650370299816132,1,0.0,-1.2614063061947896,0.0,-0.2044903821177,-0.0,0.20896739150281368,1,521,-0.53152572657562,0.8204241779959939,1
11,23.0,50,1,23,0.11524283140897751,1,1.0,-0.9413085802739911,0.0,-1.2614063061947896,-0.0,0.19851902192767298,1,522,-0.53152572657562,0.8204241779959939,1
11,24.0,50,1,24,0.12506723403930664,1,0.0,-0.999004153058688,1.0,-0.9413085802739911,-0.9413085802739911,0.23859307083128936,1,523,-0.53152572657562,0.8204241779959939,1
11,25.0,50,1,25,0.12268068641424179,1,0.0,0.08613136030928986,0.0,-0.999004153058688,-0.0,0.2266634172897249,1,524,-0.53152572657562,0.8204241779959939,1
11,26.0,50,1,26,0.2150893360376358,1,1.0,0.590311730035695,0.0,0.08613136030928986,0.0,0.21533024642523865,1,525,-0.53152572657562,0.8204241779959939,1
11,27.0,50,1,27,0.31987276673316956,1,1.0,0.058289753118991317,1.0,0.590311730035695,0.590311730035695,0.25456373410397676,1,526,-0.53152572657562,0.8204241779959939,1
11,28.0,50,1,28,0.21082475781440735,1,1.0,-1.7275586428881642,1.0,0.058289753118991317,0.058289753118991317,0.291835547398778,1,527,-0.53152572657562,0.8204241779959939,1
11,29.0,50,1,29,0.10724923014640808,1,0.0,-1.766819537769474,1.0,-1.7275586428881642,-1.7275586428881642,0.3272437700288391,1,528,-0.53152572657562,0.8204241779959939,1
11,30.0,50,1,30,0.10677409172058105,1,0.0,-2.687480586389921,0.0,-1.766819537769474,-0.0,0.3108815815273971,1,529,-0.53152572657562,0.8204241779959939,1
11,31.0,50,1,31,0.1015535444021225,1,0.0,-1.9061941745404292,0.0,-2.687480586389921,-0.0,0.29533750245102725,1,530,-0.53152572657562,0.8204241779959939,1
11,32.0,50,1,32,0.10539217293262482,1,0.0,-2.732713586230839,0.0,-1.9061941745404292,-0.0,0.2805706273284759,1,531,-0.53152572657562,0.8204241779959939,1
11,33.0,50,1,33,0.10144661366939545,1,0.0,-3.2696174201772528,0.0,-2.732713586230839,-0.0,0.2665420959620521,1,532,-0.53152572657562,0.8204241779959939,1
11,34.0,50,1,34,0.10061682760715485,1,0.0,-2.1653658306351398,0.0,-3.2696174201772528,-0.0,0.25321499116394947,1,533,-0.53152572657562,0.8204241779959939,1
11,35.0,50,1,35,0.1036192774772644,1,0.0,-0.6765849659289815,0.0,-2.1653658306351398,-0.0,0.240554241605752,1,534,-0.53152572657562,0.8204241779959939,1
11,36.0,50,1,36,0.13764871656894684,1,0.0,-1.7380286075944023,0.0,-0.6765849659289815,-0.0,0.2285265295254644,1,535,-0.53152572657562,0.8204241779959939,1
11,37.0,50,1,37,0.10711620002985,1,0.0,-0.5111565360423,0.0,-1.7380286075944023,-0.0,0.2171002030491912,1,536,-0.53152572657562,0.8204241779959939,1
11,38.0,50,1,38,0.14838066697120667,1,0.0,-0.26662222625928744,0.0,-0.5111565360423,-0.0,0.20624519289673163,1,537,-0.53152572657562,0.8204241779959939,1
11,39.0,50,1,39,0.1696571707725525,1,0.0,0.9764491300008955,0.0,-0.26662222625928744,-0.0,0.19593293325189504,1,538,-0.53152572657562,0.8204241779959939,1
11,40.0,50,1,40,0.42737051844596863,1,0.0,1.1371393334674993,0.0,0.9764491300008955,0.0,0.18613628658930026,1,539,-0.53152572657562,0.8204241779959939,1
11,41.0,50,1,41,0.4774267077445984,1,1.0,0.7846670919287906,0.0,1.1371393334674993,0.0,0.17682947225983522,1,540,-0.53152572657562,0.8204241779959939,1
11,42.0,50,1,42,0.369769811630249,1,1.0,0.9867829610800006,1.0,0.7846670919287906,0.7846670919287906,0.21798799864684348,1,541,-0.53152572657562,0.8204241779959939,1
11,43.0,50,1,43,0.4294186234474182,1,0.0,1.131300737462166,1.0,0.9867829610800006,0.9867829610800006,0.25708859871450135,1,542,-0.53152572657562,0.8204241779959939,1
11,44.0,50,1,44,0.4744432866573334,1,0.0,0.5396346593620918,0.0,1.131300737462166,0.0,0.24423416877877627,1,543,-0.53152572657562,0.8204241779959939,1
11,45.0,50,1,45,0.3057577908039093,1,0.0,1.1761400810905458,0.0,0.5396346593620918,0.0,0.23202246033983742,1,544,-0.53152572657562,0.8204241779959939,1
11,46.0,50,1,46,0.4890286922454834,1,0.0,0.5715729006324127,0.0,1.1761400810905458,0.0,0.22042133732284552,1,545,-0.53152572657562,0.8204241779959939,1
11,47.0,50,1,47,0.313323438167572,1,1.0,0.8113936063655929,0.0,0.5715729006324127,0.0,0.20940027045670326,1,546,-0.53152572657562,0.8204241779959939,1
11,48.0,50,1,48,0.37761741876602173,1,0.0,0.45229429907439944,1.0,0.8113936063655929,0.8113936063655929,0.2489302569338681,1,547,-0.53152572657562,0.8204241779959939,1
11,49.0,50,1,49,0.28502562642097473,1,0.0,0.8590604228413806,0.0,0.45229429907439944,0.0,0.2364837440871747,1,548,-0.53152572657562,0.8204241779959939,1
11,50.0,50,1,50,0.3912735879421234,1,0.0,1.3340199614863828,0.0,0.8590604228413806,0.0,0.22465955688281597,1,549,-0.53152572657562,0.8204241779959939,1
12,1.0,50,1,1,0.33801791071891785,1,0.0,0.17521126744719412,0.0,0.1272623929918685,0.0,0.0,1,550,-1.3359348846013217,-1.0134084174533937,1
12,2.0,50,1,2,0.2358187735080719,1,0.0,-0.7096748367074429,0.0,0.17521126744719412,0.0,0.0,1,551,-1.3359348846013217,-1.0134084174533937,1
12,3.0,50,1,3,0.1401149034500122,1,0.0,-0.3925226575198827,0.0,-0.7096748367074429,-0.0,0.0,1,552,-1.3359348846013217,-1.0134084174533937,1
12,4.0,50,1,4,0.16313380002975464,1,0.0,0.6321202875319156,0.0,-0.3925226575198827,-0.0,0.0,1,553,-1.3359348846013217,-1.0134084174533937,1
12,5.0,50,1,5,0.329953670501709,1,0.0,0.4529182324428194,0.0,0.6321202875319156,0.0,0.0,1,554,-1.3359348846013217,-1.0134084174533937,1
12,6.0,50,1,6,0.2884467840194702,1,1.0,-0.6143057144253272,0.0,0.4529182324428194,0.0,0.0,1,555,-1.3359348846013217,-1.0134084174533937,1
12,7.0,50,1,7,0.14552704989910126,1,0.0,-0.1681244164315587,1.0,-0.6143057144253272,-0.6143057144253272,0.050000000000000044,1,556,-1.3359348846013217,-1.0134084174533937,1
12,8.0,50,1,8,0.18594592809677124,1,0.0,0.6210174710339222,0.0,-0.1681244164315587,-0.0,0.04750000000000004,1,557,-1.3359348846013217,-1.0134084174533937,1
12,9.0,50,1,9,0.32796555757522583,1,1.0,1.2734606685333874,0.0,0.6210174710339222,0.0,0.04512500000000004,1,558,-1.3359348846013217,-1.0134084174533937,1
12,10.0,50,1,10,0.517242968082428,1,0.0,1.2569229154612391,1.0,1.2734606685333874,1.2734606685333874,0.09286875000000008,1,559,-1.3359348846013217,-1.0134084174533937,1
12,11.0,50,1,11,0.5143041014671326,1,0.0,1.2686173541841483,0.0,1.2569229154612391,0.0,0.08822531250000007,1,560,-1.3359348846013217,-1.0134084174533937,1
12,12.0,50,1,12,0.5188493132591248,1,1.0,0.867836970809974,0.0,1.2686173541841483,0.0,0.08381404687500006,1,561,-1.3359348846013217,-1.0134084174533937,1
12,13.0,50,1,13,0.39558184146881104,1,0.0,1.1801822753605673,1.0,0.867836970809974,0.867836970809974,0.1296233445312501,1,562,-1.3359348846013217,-1.0134084174533937,1
12,14.0,50,1,14,0.4923885464668274,1,0.0,0.1692595074294524,0.0,1.1801822753605673,0.0,0.12314217730468759,1,563,-1.3359348846013217,-1.0134084174533937,1
12,15.0,50,1,15,0.22967922687530518,1,1.0,1.6878034698212303,0.0,0.1692595074294524,0.0,0.1169850684394532,1,564,-1.3359348846013217,-1.0134084174533937,1
12,16.0,50,1,16,0.6492651104927063,1,1.0,0.7671411545621661,1.0,1.6878034698212303,1.6878034698212303,0.16113581501748056,1,565,-1.3359348846013217,-1.0134084174533937,1
12,17.0,50,1,17,0.3671664893627167,1,0.0,0.10574074327521854,1.0,0.7671411545621661,0.7671411545621661,0.20307902426660657,1,566,-1.3359348846013217,-1.0134084174533937,1
12,18.0,50,1,18,0.21857255697250366,1,0.0,-0.3398389510647966,0.0,0.10574074327521854,0.0,0.19292507305327625,1,567,-1.3359348846013217,-1.0134084174533937,1
12,19.0,50,1,19,0.16262522339820862,1,0.0,0.4581023462079951,0.0,-0.3398389510647966,-0.0,0.1832788194006124,1,568,-1.3359348846013217,-1.0134084174533937,1
12,20.0,50,1,20,0.28745827078819275,1,0.0,0.9758006494385498,0.0,0.4581023462079951,0.0,0.17411487843058177,1,569,-1.3359348846013217,-1.0134084174533937,1
12,21.0,50,1,21,0.43034496903419495,1,1.0,0.17201885154072244,0.0,0.9758006494385498,0.0,0.16540913450905267,1,570,-1.3359348846013217,-1.0134084174533937,1
12,22.0,50,1,22,0.22971978783607483,1,0.0,0.07893493389862549,1.0,0.17201885154072244,0.17201885154072244,0.20713867778360004,1,571,-1.3359348846013217,-1.0134084174533937,1
12,23.0,50,1,23,0.2143315076828003,1,0.0,-0.8919948721273263,0.0,0.07893493389862549,0.0,0.19678174389442002,1,572,-1.3359348846013217,-1.0134084174533937,1
12,24.0,50,1,24,0.1270630806684494,1,0.0,-0.023976259876265643,0.0,-0.8919948721273263,-0.0,0.186942656699699,1,573,-1.3359348846013217,-1.0134084174533937,1
12,25.0,50,1,25,0.1985953003168106,1,1.0,0.037783982972411465,0.0,-0.023976259876265643,-0.0,0.17759552386471406,1,574,-1.3359348846013217,-1.0134084174533937,1
12,26.0,50,1,26,0.2076188027858734,1,1.0,0.8068268420698426,1.0,0.037783982972411465,0.037783982972411465,0.2187157476714784,1,575,-1.3359348846013217,-1.0134084174533937,1
12,27.0,50,1,27,0.37956324219703674,1,0.0,-0.706174504508093,1.0,0.8068268420698426,0.8068268420698426,0.2577799602879045,1,576,-1.3359348846013217,-1.0134084174533937,1
12,28.0,50,1,28,0.13587942719459534,1,0.0,-0.8157803809345909,0.0,-0.706174504508093,-0.0,0.2448909622735093,1,577,-1.3359348846013217,-1.0134084174533937,1
12,29.0,50,1,29,0.13040143251419067,1,0.0,0.11580406864043874,0.0,-0.8157803809345909,-0.0,0.23264641415983384,1,578,-1.3359348846013217,-1.0134084174533937,1
12,30.0,50,1,30,0.21951861679553986,1,0.0,0.1735233080849261,0.0,0.11580406864043874,0.0,0.22101409345184214,1,579,-1.3359348846013217,-1.0134084174533937,1
12,31.0,50,1,31,0.2291717529296875,1,0.0,1.114392086736316,0.0,0.1735233080849261,0.0,0.20996338877925003,1,580,-1.3359348846013217,-1.0134084174533937,1
12,32.0,50,1,32,0.4729124903678894,1,1.0,0.6045618671341602,0.0,1.114392086736316,0.0,0.19946521934028752,1,581,-1.3359348846013217,-1.0134084174533937,1
12,33.0,50,1,33,0.3223007023334503,1,1.0,1.32148711999184,1.0,0.6045618671341602,0.6045618671341602,0.23949195837327317,1,582,-1.3359348846013217,-1.0134084174533937,1
12,34.0,50,1,34,0.5390484929084778,1,1.0,0.9617305892369107,1.0,1.32148711999184,1.32148711999184,0.2775173604546095,1,583,-1.3359348846013217,-1.0134084174533937,1
12,35.0,50,1,35,0.42462649941444397,1,1.0,1.2142446636559034,1.0,0.9617305892369107,0.9617305892369107,0.31364149243187905,1,584,-1.3359348846013217,-1.0134084174533937,1
12,36.0,50,1,36,0.5046263337135315,1,1.0,0.22120988744730197,1.0,1.2142446636559034,1.2142446636559034,0.3479594178102851,1,585,-1.3359348846013217,-1.0134084174533937,1
12,37.0,50,1,37,0.2378084659576416,1,1.0,0.7540977505880273,1.0,0.22120988744730197,0.22120988744730197,0.3805614469197709,1,586,-1.3359348846013217,-1.0134084174533937,1
12,38.0,50,1,38,0.3624979853630066,1,0.0,0.3407213349038685,1.0,0.7540977505880273,0.7540977505880273,0.4115333745737823,1,587,-1.3359348846013217,-1.0134084174533937,1
12,39.0,50,1,39,0.2608795464038849,1,1.0,0.7013412822276366,0.0,0.3407213349038685,0.0,0.3909567058450932,1,588,-1.3359348846013217,-1.0134084174533937,1
12,40.0,50,1,40,0.3471069037914276,1,1.0,1.0162910209471991,1.0,0.7013412822276366,0.7013412822276366,0.42140887055283854,1,589,-1.3359348846013217,-1.0134084174533937,1
12,41.0,50,1,41,0.43942803144454956,1,0.0,0.3221661295920671,1.0,1.0162910209471991,1.0162910209471991,0.45033842702519666,1,590,-1.3359348846013217,-1.0134084174533937,1
12,42.0,50,1,42,0.25717827677726746,1,0.0,-0.21134796894809943,0.0,0.3221661295920671,0.0,0.42782150567393684,1,591,-1.3359348846013217,-1.0134084174533937,1
12,43.0,50,1,43,0.17627555131912231,1,0.0,-0.5322432057977463,0.0,-0.21134796894809943,-0.0,0.40643043039024,1,592,-1.3359348846013217,-1.0134084174533937,1
12,44.0,50,1,44,0.14800044894218445,1,0.0,-1.5972882608507137,0.0,-0.5322432057977463,-0.0,0.38610890887072796,1,593,-1.3359348846013217,-1.0134084174533937,1
12,45.0,50,1,45,0.1093854010105133,1,0.0,-2.2749304791047282,0.0,-1.5972882608507137,-0.0,0.36680346342719156,1,594,-1.3359348846013217,-1.0134084174533937,1
12,46.0,50,1,46,0.10321701318025589,1,1.0,-1.971079914717426,0.0,-2.2749304791047282,-0.0,0.34846329025583195,1,595,-1.3359348846013217,-1.0134084174533937,1
12,47.0,50,1,47,0.10518141090869904,1,0.0,-2.4831898961931853,1.0,-1.971079914717426,-1.971079914717426,0.38104012574304036,1,596,-1.3359348846013217,-1.0134084174533937,1
12,48.0,50,1,48,0.10230402648448944,1,0.0,-1.958014507551727,0.0,-2.4831898961931853,-0.0,0.3619881194558883,1,597,-1.3359348846013217,-1.0134084174533937,1
12,49.0,50,1,49,0.10527823865413666,1,0.0,-1.0770183675439737,0.0,-1.958014507551727,-0.0,0.3438887134830939,1,598,-1.3359348846013217,-1.0134084174533937,1
12,50.0,50,1,50,0.12092000991106033,1,0.0,0.380676948734547,0.0,-1.0770183675439737,-0.0,0.3266942778089392,1,599,-1.3359348846013217,-1.0134084174533937,1
13,1.0,50,1,1,0.31677958369255066,1,0.0,-0.4976346995042838,0.0,0.4783145372442966,0.0,0.0,1,600,-0.13717913530262538,1.674317561660517,1
13,2.0,50,1,2,0.14892324805259705,1,0.0,-0.7562414845667462,0.0,-0.4976346995042838,-0.0,0.0,1,601,-0.13717913530262538,1.674317561660517,1
13,3.0,50,1,3,0.13747286796569824,1,0.0,0.7603547575214964,0.0,-0.7562414845667462,-0.0,0.0,1,602,-0.13717913530262538,1.674317561660517,1
13,4.0,50,1,4,0.3657223880290985,1,0.0,0.6609437884080342,0.0,0.7603547575214964,0.0,0.0,1,603,-0.13717913530262538,1.674317561660517,1
13,5.0,50,1,5,0.337264746427536,1,0.0,-0.37037290690568897,0.0,0.6609437884080342,0.0,0.0,1,604,-0.13717913530262538,1.674317561660517,1
13,6.0,50,1,6,0.16394779086112976,1,1.0,-0.04176997561444604,0.0,-0.37037290690568897,-0.0,0.0,1,605,-0.13717913530262538,1.674317561660517,1
13,7.0,50,1,7,0.20126235485076904,1,0.0,0.8672967021728355,1.0,-0.04176997561444604,-0.04176997561444604,0.050000000000000044,1,606,-0.13717913530262538,1.674317561660517,1
13,8.0,50,1,8,0.39335721731185913,1,0.0,0.40199488288986696,0.0,0.8672967021728355,0.0,0.04750000000000004,1,607,-0.13717913530262538,1.674317561660517,1
13,9.0,50,1,9,0.2775077521800995,1,0.0,0.42855653944747013,0.0,0.40199488288986696,0.0,0.04512500000000004,1,608,-0.13717913530262538,1.674317561660517,1
13,10.0,50,1,10,0.2824043035507202,1,1.0,0.0264185177410588,0.0,0.42855653944747013,0.0,0.04286875000000004,1,609,-0.13717913530262538,1.674317561660517,1
13,11.0,50,1,11,0.20792782306671143,1,0.0,0.7278535673970694,1.0,0.0264185177410588,0.0264185177410588,0.09072531250000009,1,610,-0.13717913530262538,1.674317561660517,1
13,12.0,50,1,12,0.35548773407936096,1,1.0,0.5958511858803326,0.0,0.7278535673970694,0.0,0.08618904687500008,1,611,-0.13717913530262538,1.674317561660517,1
13,13.0,50,1,13,0.32053911685943604,1,1.0,0.09817541720536715,1.0,0.5958511858803326,0.5958511858803326,0.13187959453125012,1,612,-0.13717913530262538,1.674317561660517,1
13,14.0,50,1,14,0.2173386514186859,1,0.0,0.056621565123188874,1.0,0.09817541720536715,0.09817541720536715,0.17528561480468766,1,613,-0.13717913530262538,1.674317561660517,1
13,15.0,50,1,15,0.21133020520210266,1,0.0,0.044565026847057765,0.0,0.056621565123188874,0.0,0.16652133406445327,1,614,-0.13717913530262538,1.674317561660517,1
13,16.0,50,1,16,0.20928508043289185,1,0.0,-0.3645044725678937,0.0,0.044565026847057765,0.0,0.1581952673612306,1,615,-0.13717913530262538,1.674317561660517,1
13,17.0,50,1,17,0.16066555678844452,1,0.0,-0.5661451308177003,0.0,-0.3645044725678937,-0.0,0.15028550399316906,1,616,-0.13717913530262538,1.674317561660517,1
13,18.0,50,1,18,0.14472484588623047,1,0.0,-1.033368520194418,0.0,-0.5661451308177003,-0.0,0.1427712287935106,1,617,-0.13717913530262538,1.674317561660517,1
13,19.0,50,1,19,0.12168295681476593,1,0.0,-1.823249681435503,0.0,-1.033368520194418,-0.0,0.13563266735383506,1,618,-0.13717913530262538,1.674317561660517,1
13,20.0,50,1,20,0.1062319353222847,1,0.0,-1.586203301360667,0.0,-1.823249681435503,-0.0,0.1288510339861433,1,619,-0.13717913530262538,1.674317561660517,1
13,21.0,50,1,21,0.10903903841972351,1,0.0,-1.5494701049661868,0.0,-1.586203301360667,-0.0,0.12240848228683614,1,620,-0.13717913530262538,1.674317561660517,1
13,22.0,50,1,22,0.10964591056108475,1,0.0,-2.1055777014373587,0.0,-1.5494701049661868,-0.0,0.11628805817249431,1,621,-0.13717913530262538,1.674317561660517,1
13,23.0,50,1,23,0.10399184376001358,1,0.0,-1.0737935510583454,0.0,-2.1055777014373587,-0.0,0.1104736552638696,1,622,-0.13717913530262538,1.674317561660517,1
13,24.0,50,1,24,0.12038584798574448,1,0.0,0.05985999148675873,0.0,-1.0737935510583454,-0.0,0.10494997250067611,1,623,-0.13717913530262538,1.674317561660517,1
13,25.0,50,1,25,0.21088910102844238,1,1.0,-0.12092911619977553,0.0,0.05985999148675873,0.0,0.09970247387564231,1,624,-0.13717913530262538,1.674317561660517,1
13,26.0,50,1,26,0.18592822551727295,1,0.0,-0.6179350645204618,1.0,-0.12092911619977553,-0.12092911619977553,0.14471735018186024,1,625,-0.13717913530262538,1.674317561660517,1
13,27.0,50,1,27,0.14107829332351685,1,0.0,-0.789260795422722,0.0,-0.6179350645204618,-0.0,0.13748148267276722,1,626,-0.13717913530262538,1.674317561660517,1
13,28.0,50,1,28,0.13156354427337646,1,0.0,-0.7837446310958596,0.0,-0.789260795422722,-0.0,0.13060740853912886,1,627,-0.13717913530262538,1.674317561660517,1
13,29.0,50,1,29,0.13194124400615692,1,1.0,-1.3888863882038276,0.0,-0.7837446310958596,-0.0,0.12407703811217241,1,628,-0.13717913530262538,1.674317561660517,1
13,30.0,50,1,30,0.11234261840581894,1,0.0,-1.5606439393073754,1.0,-1.3888863882038276,-1.3888863882038276,0.16787318620656383,1,629,-0.13717913530262538,1.674317561660517,1
13,31.0,50,1,31,0.10939671844244003,1,0.0,0.4641612538500948,0.0,-1.5606439393073754,-0.0,0.15947952689623562,1,630,-0.13717913530262538,1.674317561660517,1
13,32.0,50,1,32,0.2878621518611908,1,0.0,0.7443818653477201,0.0,0.4641612538500948,0.0,0.15150555055142384,1,631,-0.13717913530262538,1.674317561660517,1
13,33.0,50,1,33,0.360064834356308,1,0.0,0.3122392042153693,0.0,0.7443818653477201,0.0,0.14393027302385264,1,632,-0.13717913530262538,1.674317561660517,1
13,34.0,50,1,34,0.255391925573349,1,0.0,0.12508691842414507,0.0,0.3122392042153693,0.0,0.13673375937266,1,633,-0.13717913530262538,1.674317561660517,1
13,35.0,50,1,35,0.22124268114566803,1,0.0,-0.7801604559960196,0.0,0.12508691842414507,0.0,0.12989707140402698,1,634,-0.13717913530262538,1.674317561660517,1
13,36.0,50,1,36,0.1321200430393219,1,0.0,0.411684398756377,0.0,-0.7801604559960196,-0.0,0.12340221783382563,1,635,-0.13717913530262538,1.674317561660517,1
13,37.0,50,1,37,0.2762189209461212,1,0.0,0.8602411188187085,0.0,0.411684398756377,0.0,0.11723210694213435,1,636,-0.13717913530262538,1.674317561660517,1
13,38.0,50,1,38,0.39330631494522095,1,0.0,1.610497657463347,0.0,0.8602411188187085,0.0,0.11137050159502762,1,637,-0.13717913530262538,1.674317561660517,1
13,39.0,50,1,39,0.6255316734313965,1,1.0,1.6841677482180581,0.0,1.610497657463347,0.0,0.10580197651527623,1,638,-0.13717913530262538,1.674317561660517,1
13,40.0,50,1,40,0.6450591683387756,1,1.0,0.9332018544722243,1.0,1.6841677482180581,1.6841677482180581,0.15051187768951246,1,639,-0.13717913530262538,1.674317561660517,1
13,41.0,50,1,41,0.41389453411102295,1,0.0,-0.37420614878961206,1.0,0.9332018544722243,0.9332018544722243,0.19298628380503688,1,640,-0.13717913530262538,1.674317561660517,1
13,42.0,50,1,42,0.16003048419952393,1,0.0,-0.056141082626993244,0.0,-0.37420614878961206,-0.0,0.18333696961478504,1,641,-0.13717913530262538,1.674317561660517,1
13,43.0,50,1,43,0.1949613094329834,1,0.0,-0.0933757901009554,0.0,-0.056141082626993244,-0.0,0.17417012113404579,1,642,-0.13717913530262538,1.674317561660517,1
13,44.0,50,1,44,0.1904856264591217,1,0.0,-1.2021387205449565,0.0,-0.0933757901009554,-0.0,0.16546161507734347,1,643,-0.13717913530262538,1.674317561660517,1
13,45.0,50,1,45,0.11733590066432953,1,0.0,-1.534193875777128,0.0,-1.2021387205449565,-0.0,0.1571885343234763,1,644,-0.13717913530262538,1.674317561660517,1
13,46.0,50,1,46,0.11028703302145004,1,0.0,-1.7424234382911086,0.0,-1.534193875777128,-0.0,0.14932910760730247,1,645,-0.13717913530262538,1.674317561660517,1
13,47.0,50,1,47,0.10741788893938065,1,0.0,-0.3868646351597094,0.0,-1.7424234382911086,-0.0,0.14186265222693734,1,646,-0.13717913530262538,1.674317561660517,1
13,48.0,50,1,48,0.15908826887607574,1,0.0,0.3087701105458648,0.0,-0.3868646351597094,-0.0,0.13476951961559047,1,647,-0.13717913530262538,1.674317561660517,1
13,49.0,50,1,49,0.2547092139720917,1,0.0,1.6327653320112432,0.0,0.3087701105458648,0.0,0.12803104363481094,1,648,-0.13717913530262538,1.674317561660517,1
13,50.0,50,1,50,0.6283255815505981,1,1.0,1.5665792663701166,0.0,1.6327653320112432,0.0,0.12162949145307038,1,649,-0.13717913530262538,1.674317561660517,1
14,1.0,50,1,1,0.2990615665912628,1,0.0,-0.0010036195323350691,0.0,0.7880507424968226,0.0,0.0,1,650,-1.2827236317204957,0.7212596682205067,1
14,2.0,50,1,2,0.205283522605896,1,0.0,-1.016051867203382,0.0,-0.0010036195323350691,-0.0,0.0,1,651,-1.2827236317204957,0.7212596682205067,1
14,3.0,50,1,3,0.12552547454833984,1,0.0,-1.1876480482357086,0.0,-1.016051867203382,-0.0,0.0,1,652,-1.2827236317204957,0.7212596682205067,1
14,4.0,50,1,4,0.11987299472093582,1,0.0,-0.3095350837716221,0.0,-1.1876480482357086,-0.0,0.0,1,653,-1.2827236317204957,0.7212596682205067,1
14,5.0,50,1,5,0.1695212423801422,1,0.0,-0.23864933222127005,0.0,-0.3095350837716221,-0.0,0.0,1,654,-1.2827236317204957,0.7212596682205067,1
14,6.0,50,1,6,0.17692577838897705,1,0.0,0.2738531570329639,0.0,-0.23864933222127005,-0.0,0.0,1,655,-1.2827236317204957,0.7212596682205067,1
14,7.0,50,1,7,0.2521783709526062,1,0.0,-0.4923446342326465,0.0,0.2738531570329639,0.0,0.0,1,656,-1.2827236317204957,0.7212596682205067,1
14,8.0,50,1,8,0.15484346449375153,1,0.0,-2.466716432174662,0.0,-0.4923446342326465,-0.0,0.0,1,657,-1.2827236317204957,0.7212596682205067,1
14,9.0,50,1,9,0.10283587872982025,1,0.0,-2.313324664219203,0.0,-2.466716432174662,-0.0,0.0,1,658,-1.2827236317204957,0.7212596682205067,1
14,10.0,50,1,10,0.10339709371328354,1,0.0,-1.969076931700655,0.0,-2.313324664219203,-0.0,0.0,1,659,-1.2827236317204957,0.7212596682205067,1
14,11.0,50,1,11,0.10541994124650955,1,0.0,-1.7360058507565228,0.0,-1.969076931700655,-0.0,0.0,1,660,-1.2827236317204957,0.7212596682205067,1
14,12.0,50,1,12,0.107696034014225,1,0.0,-2.914825213513655,0.0,-1.7360058507565228,-0.0,0.0,1,661,-1.2827236317204957,0.7212596682205067,1
14,13.0,50,1,13,0.1011580154299736,1,0.0,-2.4897172659630575,0.0,-2.914825213513655,-0.0,0.0,1,662,-1.2827236317204957,0.7212596682205067,1
14,14.0,50,1,14,0.10222599655389786,1,0.0,-0.7249432046229524,0.0,-2.4897172659630575,-0.0,0.0,1,663,-1.2827236317204957,0.7212596682205067,1
14,15.0,50,1,15,0.13554918766021729,1,0.0,-0.695507990590528,0.0,-0.7249432046229524,-0.0,0.0,1,664,-1.2827236317204957,0.7212596682205067,1
14,16.0,50,1,16,0.1369650661945343,1,0.0,-0.3462116757971304,0.0,-0.695507990590528,-0.0,0.0,1,665,-1.2827236317204957,0.7212596682205067,1
14,17.0,50,1,17,0.16232645511627197,1,0.0,0.8679648459205382,0.0,-0.3462116757971304,-0.0,0.0,1,666,-1.2827236317204957,0.7212596682205067,1
14,18.0,50,1,18,0.3971883952617645,1,0.0,0.26749010231114007,0.0,0.8679648459205382,0.0,0.0,1,667,-1.2827236317204957,0.7212596682205067,1
14,19.0,50,1,19,0.24716201424598694,1,0.0,-0.03048221893369258,0.0,0.26749010231114007,0.0,0.0,1,668,-1.2827236317204957,0.7212596682205067,1
14,20.0,50,1,20,0.1980353593826294,1,0.0,-0.006445936185821413,0.0,-0.03048221893369258,-0.0,0.0,1,669,-1.2827236317204957,0.7212596682205067,1
14,21.0,50,1,21,0.20127971470355988,1,0.0,-0.5092313849882286,0.0,-0.006445936185821413,-0.0,0.0,1,670,-1.2827236317204957,0.7212596682205067,1
14,22.0,50,1,22,0.14870673418045044,1,1.0,-0.6774107990165309,0.0,-0.5092313849882286,-0.0,0.0,1,671,-1.2827236317204957,0.7212596682205067,1
14,23.0,50,1,23,0.1377781331539154,1,0.0,-1.856737259963771,1.0,-0.6774107990165309,-0.6774107990165309,0.050000000000000044,1,672,-1.2827236317204957,0.7212596682205067,1
14,24.0,50,1,24,0.1059061661362648,1,0.0,0.6169042907924195,0.0,-1.856737259963771,-0.0,0.04750000000000004,1,673,-1.2827236317204957,0.7212596682205067,1
14,25.0,50,1,25,0.3265649974346161,1,0.0,1.3860195819992036,0.0,0.6169042907924195,0.0,0.04512500000000004,1,674,-1.2827236317204957,0.7212596682205067,1
14,26.0,50,1,26,0.5620020627975464,1,1.0,1.3038958047128406,0.0,1.3860195819992036,0.0,0.04286875000000004,1,675,-1.2827236317204957,0.7212596682205067,1
14,27.0,50,1,27,0.535750150680542,1,1.0,2.284726728282857,1.0,1.3038958047128406,1.3038958047128406,0.09072531250000009,1,676,-1.2827236317204957,0.7212596682205067,1
14,28.0,50,1,28,0.7823354601860046,1,0.0,1.6165053384080723,1.0,2.284726728282857,2.284726728282857,0.1361890468750001,1,677,-1.2827236317204957,0.7212596682205067,1
14,29.0,50,1,29,0.6295583248138428,1,0.0,0.2540674999146435,0.0,1.6165053384080723,0.0,0.12937959453125011,1,678,-1.2827236317204957,0.7212596682205067,1
14,30.0,50,1,30,0.24389180541038513,1,0.0,0.20189465552871594,0.0,0.2540674999146435,0.0,0.12291061480468761,1,679,-1.2827236317204957,0.7212596682205067,1
14,31.0,50,1,31,0.23418349027633667,1,1.0,0.19608575689659818,0.0,0.20189465552871594,0.0,0.11676508406445323,1,680,-1.2827236317204957,0.7212596682205067,1
14,32.0,50,1,32,0.23301252722740173,1,0.0,0.7418766046720127,1.0,0.19608575689659818,0.19608575689659818,0.1609268298612306,1,681,-1.2827236317204957,0.7212596682205067,1
14,33.0,50,1,33,0.3593592643737793,1,0.0,0.6527558036080189,0.0,0.7418766046720127,0.0,0.1528804883681691,1,682,-1.2827236317204957,0.7212596682205067,1
14,34.0,50,1,34,0.33510687947273254,1,0.0,1.305969895214046,0.0,0.6527558036080189,0.0,0.14523646394976064,1,683,-1.2827236317204957,0.7212596682205067,1
14,35.0,50,1,35,0.5339879989624023,1,0.0,0.9034867552559953,0.0,1.305969895214046,0.0,0.13797464075227261,1,684,-1.2827236317204957,0.7212596682205067,1
14,36.0,50,1,36,0.40673699975013733,1,1.0,1.766420750506007,0.0,0.9034867552559953,0.0,0.131075908714659,1,685,-1.2827236317204957,0.7212596682205067,1
14,37.0,50,1,37,0.6703366637229919,1,1.0,2.151424001642751,1.0,1.766420750506007,1.766420750506007,0.17452211327892608,1,686,-1.2827236317204957,0.7212596682205067,1
14,38.0,50,1,38,0.7565814256668091,1,1.0,2.7664152227208194,1.0,2.151424001642751,2.151424001642751,0.21579600761497983,1,687,-1.2827236317204957,0.7212596682205067,1
14,39.0,50,1,39,0.8391252160072327,1,1.0,2.282921481219607,1.0,2.7664152227208194,2.7664152227208194,0.25500620723423084,1,688,-1.2827236317204957,0.7212596682205067,1
14,40.0,50,1,40,0.7778226137161255,1,1.0,1.823093150800241,1.0,2.282921481219607,2.282921481219607,0.29225589687251935,1,689,-1.2827236317204957,0.7212596682205067,1
14,41.0,50,1,41,0.6813830733299255,1,1.0,1.8191610724971006,1.0,1.823093150800241,1.823093150800241,0.3276431020288934,1,690,-1.2827236317204957,0.7212596682205067,1
14,42.0,50,1,42,0.6790123581886292,1,0.0,-0.015318540806717344,1.0,1.8191610724971006,1.8191610724971006,0.36126094692744876,1,691,-1.2827236317204957,0.7212596682205067,1
14,43.0,50,1,43,0.20049449801445007,1,0.0,0.5506463509371566,0.0,-0.015318540806717344,-0.0,0.3431978995810763,1,692,-1.2827236317204957,0.7212596682205067,1
14,44.0,50,1,44,0.3083485960960388,1,0.0,0.30962007908162725,0.0,0.5506463509371566,0.0,0.3260380046020225,1,693,-1.2827236317204957,0.7212596682205067,1
14,45.0,50,1,45,0.25527092814445496,1,0.0,0.2911322480689141,0.0,0.30962007908162725,0.0,0.30973610437192134,1,694,-1.2827236317204957,0.7212596682205067,1
14,46.0,50,1,46,0.25146591663360596,1,0.0,-0.483184791064785,0.0,0.2911322480689141,0.0,0.29424929915332526,1,695,-1.2827236317204957,0.7212596682205067,1
14,47.0,50,1,47,0.15133912861347198,1,0.0,0.30128349686271055,0.0,-0.483184791064785,-0.0,0.279536834195659,1,696,-1.2827236317204957,0.7212596682205067,1
14,48.0,50,1,48,0.2532862722873688,1,0.0,0.5419656102283767,0.0,0.30128349686271055,0.0,0.26555999248587603,1,697,-1.2827236317204957,0.7212596682205067,1
14,49.0,50,1,49,0.3059670627117157,1,0.0,0.4587844558967968,0.0,0.5419656102283767,0.0,0.2522819928615822,1,698,-1.2827236317204957,0.7212596682205067,1
14,50.0,50,1,50,0.2865728437900543,1,0.0,0.6186482461039235,0.0,0.4587844558967968,0.0,0.2396678932185031,1,699,-1.2827236317204957,0.7212596682205067,1
15,1.0,50,1,1,0.40744394063949585,1,0.0,-0.4373614818745659,0.0,-0.9154830690662548,0.0,0.0,1,700,-1.2837966986250908,-2.078482602825939,1
15,2.0,50,1,2,0.15384748578071594,1,0.0,0.3805103453689942,0.0,-0.4373614818745659,-0.0,0.0,1,701,-1.2837966986250908,-2.078482602825939,1
15,3.0,50,1,3,0.2760723829269409,1,0.0,0.8839852087750331,0.0,0.3805103453689942,0.0,0.0,1,702,-1.2837966986250908,-2.078482602825939,1
15,4.0,50,1,4,0.40017956495285034,1,0.0,-0.20654885855630012,0.0,0.8839852087750331,0.0,0.0,1,703,-1.2837966986250908,-2.078482602825939,1
15,5.0,50,1,5,0.18022403120994568,1,0.0,0.061512431790220756,0.0,-0.20654885855630012,-0.0,0.0,1,704,-1.2837966986250908,-2.078482602825939,1
15,6.0,50,1,6,0.21553286910057068,1,0.0,0.7177160144831718,0.0,0.061512431790220756,0.0,0.0,1,705,-1.2837966986250908,-2.078482602825939,1
15,7.0,50,1,7,0.3533012568950653,1,0.0,-0.026682843889012542,0.0,0.7177160144831718,0.0,0.0,1,706,-1.2837966986250908,-2.078482602825939,1
15,8.0,50,1,8,0.2038460671901703,1,0.0,-0.1787495862498538,0.0,-0.026682843889012542,-0.0,0.0,1,707,-1.2837966986250908,-2.078482602825939,1
15,9.0,50,1,9,0.18404866755008698,1,0.0,-1.661276809635755,0.0,-0.1787495862498538,-0.0,0.0,1,708,-1.2837966986250908,-2.078482602825939,1
15,10.0,50,1,10,0.10923831909894943,1,0.0,-0.19192473190376086,0.0,-1.661276809635755,-0.0,0.0,1,709,-1.2837966986250908,-2.078482602825939,1
15,11.0,50,1,11,0.1797536015510559,1,0.0,-0.34410887225671744,0.0,-0.19192473190376086,-0.0,0.0,1,710,-1.2837966986250908,-2.078482602825939,1
15,12.0,50,1,12,0.16391873359680176,1,0.0,-0.1430855842572995,0.0,-0.34410887225671744,-0.0,0.0,1,711,-1.2837966986250908,-2.078482602825939,1
15,13.0,50,1,13,0.18432839214801788,1,0.0,0.26257164549757217,0.0,-0.1430855842572995,-0.0,0.0,1,712,-1.2837966986250908,-2.078482602825939,1
15,14.0,50,1,14,0.2460397481918335,1,1.0,-0.10361911378259972,0.0,0.26257164549757217,0.0,0.0,1,713,-1.2837966986250908,-2.078482602825939,1
15,15.0,50,1,15,0.18902510404586792,1,0.0,-0.2773126670932589,1.0,-0.10361911378259972,-0.10361911378259972,0.050000000000000044,1,714,-1.2837966986250908,-2.078482602825939,1
15,16.0,50,1,16,0.16911207139492035,1,0.0,-0.8593227338889754,0.0,-0.2773126670932589,-0.0,0.04750000000000004,1,715,-1.2837966986250908,-2.078482602825939,1
15,17.0,50,1,17,0.1286822259426117,1,0.0,-0.9522615742551539,0.0,-0.8593227338889754,-0.0,0.04512500000000004,1,716,-1.2837966986250908,-2.078482602825939,1
15,18.0,50,1,18,0.12471096217632294,1,0.0,-1.3177223838769843,0.0,-0.9522615742551539,-0.0,0.04286875000000004,1,717,-1.2837966986250908,-2.078482602825939,1
15,19.0,50,1,19,0.11386669427156448,1,0.0,-1.942267165141243,0.0,-1.3177223838769843,-0.0,0.040725312500000034,1,718,-1.2837966986250908,-2.078482602825939,1
15,20.0,50,1,20,0.10515487939119339,1,0.0,-0.6257878988819433,0.0,-1.942267165141243,-0.0,0.03868904687500003,1,719,-1.2837966986250908,-2.078482602825939,1
15,21.0,50,1,21,0.14065641164779663,1,0.0,0.9574063121679213,0.0,-0.6257878988819433,-0.0,0.036754594531250025,1,720,-1.2837966986250908,-2.078482602825939,1
15,22.0,50,1,22,0.424615740776062,1,0.0,0.1106026851396727,0.0,0.9574063121679213,0.0,0.034916864804687524,1,721,-1.2837966986250908,-2.078482602825939,1
15,23.0,50,1,23,0.21940001845359802,1,0.0,0.8335836746686491,0.0,0.1106026851396727,0.0,0.033171021564453146,1,722,-1.2837966986250908,-2.078482602825939,1
15,24.0,50,1,24,0.3869430124759674,1,0.0,0.5536446567905973,0.0,0.8335836746686491,0.0,0.03151247048623049,1,723,-1.2837966986250908,-2.078482602825939,1
15,25.0,50,1,25,0.31037086248397827,1,0.0,1.0840511057856512,0.0,0.5536446567905973,0.0,0.02993684696191896,1,724,-1.2837966986250908,-2.078482602825939,1
15,26.0,50,1,26,0.46520739793777466,1,0.0,0.45283131538762245,0.0,1.0840511057856512,0.0,0.028440004613823008,1,725,-1.2837966986250908,-2.078482602825939,1
15,27.0,50,1,27,0.28637129068374634,1,1.0,-0.39135895778195384,0.0,0.45283131538762245,0.0,0.027018004383131858,1,726,-1.2837966986250908,-2.078482602825939,1
15,28.0,50,1,28,0.15785448253154755,1,0.0,-0.17326162214003732,1.0,-0.39135895778195384,-0.39135895778195384,0.0756671041639753,1,727,-1.2837966986250908,-2.078482602825939,1
15,29.0,50,1,29,0.179781973361969,1,0.0,0.8621553043464452,0.0,-0.17326162214003732,-0.0,0.07188374895577654,1,728,-1.2837966986250908,-2.078482602825939,1
15,30.0,50,1,30,0.39443525671958923,1,0.0,0.8131581850637368,0.0,0.8621553043464452,0.0,0.0682895615079877,1,729,-1.2837966986250908,-2.078482602825939,1
15,31.0,50,1,31,0.37980347871780396,1,0.0,-0.3509600067120005,0.0,0.8131581850637368,0.0,0.06487508343258833,1,730,-1.2837966986250908,-2.078482602825939,1
15,32.0,50,1,32,0.1611364334821701,1,0.0,0.2774162724371717,0.0,-0.3509600067120005,-0.0,0.06163132926095891,1,731,-1.2837966986250908,-2.078482602825939,1
15,33.0,50,1,33,0.24830451607704163,1,0.0,-0.8670294988145326,0.0,0.2774162724371717,0.0,0.05854976279791096,1,732,-1.2837966986250908,-2.078482602825939,1
15,34.0,50,1,34,0.1280774474143982,1,1.0,-0.7132847602806678,0.0,-0.8670294988145326,-0.0,0.055622274658015405,1,733,-1.2837966986250908,-2.078482602825939,1
15,35.0,50,1,35,0.135615736246109,1,0.0,0.11988322866160311,1.0,-0.7132847602806678,-0.7132847602806678,0.10284116092511467,1,734,-1.2837966986250908,-2.078482602825939,1
15,36.0,50,1,36,0.22034034132957458,1,1.0,-0.5649396442076309,0.0,0.11988322866160311,0.0,0.09769910287885893,1,735,-1.2837966986250908,-2.078482602825939,1
15,37.0,50,1,37,0.1445343792438507,1,0.0,-0.5464033467681056,1.0,-0.5649396442076309,-0.5649396442076309,0.14281414773491602,1,736,-1.2837966986250908,-2.078482602825939,1
15,38.0,50,1,38,0.14587745070457458,1,1.0,-1.3697179215464816,0.0,-0.5464033467681056,-0.0,0.1356734403481702,1,737,-1.2837966986250908,-2.078482602825939,1
15,39.0,50,1,39,0.1128813847899437,1,0.0,-1.4162898168917688,1.0,-1.3697179215464816,-1.3697179215464816,0.17888976833076173,1,738,-1.2837966986250908,-2.078482602825939,1
15,40.0,50,1,40,0.11208067089319229,1,0.0,-0.995657342431078,0.0,-1.4162898168917688,-0.0,0.16994527991422362,1,739,-1.2837966986250908,-2.078482602825939,1
15,41.0,50,1,41,0.1233271062374115,1,0.0,-1.0726673327414278,0.0,-0.995657342431078,-0.0,0.16144801591851243,1,740,-1.2837966986250908,-2.078482602825939,1
15,42.0,50,1,42,0.12090112268924713,1,0.0,-0.39935634184510704,0.0,-1.0726673327414278,-0.0,0.1533756151225868,1,741,-1.2837966986250908,-2.078482602825939,1
15,43.0,50,1,43,0.15809348225593567,1,0.0,0.295269923122936,0.0,-0.39935634184510704,-0.0,0.14570683436645746,1,742,-1.2837966986250908,-2.078482602825939,1
15,44.0,50,1,44,0.2524378299713135,1,1.0,0.20531365278165284,0.0,0.295269923122936,0.0,0.13842149264813458,1,743,-1.2837966986250908,-2.078482602825939,1
15,45.0,50,1,45,0.23569822311401367,1,0.0,-0.5638734773214731,1.0,0.20531365278165284,0.20531365278165284,0.1815004180157279,1,744,-1.2837966986250908,-2.078482602825939,1
15,46.0,50,1,46,0.14558367431163788,1,0.0,-0.2630210448493435,0.0,-0.5638734773214731,-0.0,0.17242539711494148,1,745,-1.2837966986250908,-2.078482602825939,1
15,47.0,50,1,47,0.1708296537399292,1,1.0,0.5360414326645699,0.0,-0.2630210448493435,-0.0,0.16380412725919438,1,746,-1.2837966986250908,-2.078482602825939,1
15,48.0,50,1,48,0.3046262860298157,1,0.0,0.4141025206255676,1.0,0.5360414326645699,0.5360414326645699,0.2056139208962347,1,747,-1.2837966986250908,-2.078482602825939,1
15,49.0,50,1,49,0.2765713930130005,1,0.0,-0.4296627360612569,0.0,0.4141025206255676,0.0,0.19533322485142296,1,748,-1.2837966986250908,-2.078482602825939,1
15,50.0,50,1,50,0.15560321509838104,1,0.0,-1.4134081708859756,0.0,-0.4296627360612569,-0.0,0.18556656360885182,1,749,-1.2837966986250908,-2.078482602825939,1
16,1.0,50,1,1,0.5,1,1.0,2.3542010318682274,0.0,0.8880019329719738,0.0,0.0,1,750,0.22020357388443146,-1.032542107673552,0
16,2.0,50,1,2,0.5,1,1.0,1.064857983398472,1.0,2.3542010318682274,2.3542010318682274,0.050000000000000044,1,751,0.22020357388443146,-1.032542107673552,0
16,3.0,50,1,3,0.5,1,0.0,0.01089221567389391,1.0,1.064857983398472,1.064857983398472,0.09750000000000009,1,752,0.22020357388443146,-1.032542107673552,0
16,4.0,50,1,4,0.5,1,1.0,0.3570567673856382,0.0,0.01089221567389391,0.0,0.09262500000000007,1,753,0.22020357388443146,-1.032542107673552,0
16,5.0,50,1,5,0.5,1,1.0,0.5341831957860075,1.0,0.3570567673856382,0.3570567673856382,0.1379937500000001,1,754,0.22020357388443146,-1.032542107673552,0
16,6.0,50,1,6,0.5,1,1.0,0.14362952093962755,1.0,0.5341831957860075,0.5341831957860075,0.18109406250000012,1,755,0.22020357388443146,-1.032542107673552,0
16,7.0,50,1,7,0.5,1,1.0,0.8468578283408148,1.0,0.14362952093962755,0.14362952093962755,0.2220393593750002,1,756,0.22020357388443146,-1.032542107673552,0
16,8.0,50,1,8,0.5,1,0.0,-0.09104903633378876,1.0,0.8468578283408148,0.8468578283408148,0.2609373914062502,1,757,0.22020357388443146,-1.032542107673552,0
16,9.0,50,1,9,0.5,1,0.0,-0.022071845404641598,0.0,-0.09104903633378876,-0.0,0.24789052183593768,1,758,0.22020357388443146,-1.032542107673552,0
16,10.0,50,1,10,0.5,1,0.0,0.09116257701027734,0.0,-0.022071845404641598,-0.0,0.2354959957441408,1,759,0.22020357388443146,-1.032542107673552,0
16,11.0,50,1,11,0.5,1,0.0,1.0892424083833336,0.0,0.09116257701027734,0.0,0.22372119595693374,1,760,0.22020357388443146,-1.032542107673552,0
16,12.0,50,1,12,0.5,1,1.0,1.0512404925477048,0.0,1.0892424083833336,0.0,0.21253513615908703,1,761,0.22020357388443146,-1.032542107673552,0
16,13.0,50,1,13,0.5,1,1.0,1.597792551659803,1.0,1.0512404925477048,1.0512404925477048,0.2519083793511327,1,762,0.22020357388443146,-1.032542107673552,0
16,14.0,50,1,14,0.5,1,1.0,1.40557407457477,1.0,1.597792551659803,1.597792551659803,0.28931296038357607,1,763,0.22020357388443146,-1.032542107673552,0
16,15.0,50,1,15,0.5,1,1.0,0.7232222034852098,1.0,1.40557407457477,1.40557407457477,0.3248473123643973,1,764,0.22020357388443146,-1.032542107673552,0
16,16.0,50,1,16,0.5,1,1.0,0.8145904202507765,1.0,0.7232222034852098,0.7232222034852098,0.3586049467461775,1,765,0.22020357388443146,-1.032542107673552,0
16,17.0,50,1,17,0.5,1,1.0,0.7744039326330374,1.0,0.8145904202507765,0.8145904202507765,0.3906746994088686,1,766,0.22020357388443146,-1.032542107673552,0
16,18.0,50,1,18,0.5,1,0.0,0.6572344121535869,1.0,0.7744039326330374,0.7744039326330374,0.42114096443842525,1,767,0.22020357388443146,-1.032542107673552,0
16,19.0,50,1,19,0.5,1,0.0,0.8011559816426284,0.0,0.6572344121535869,0.0,0.40008391621650397,1,768,0.22020357388443146,-1.032542107673552,0
16,20.0,50,1,20,0.5,1,0.0,0.4351304713460265,0.0,0.8011559816426284,0.0,0.3800797204056787,1,769,0.22020357388443146,-1.032542107673552,0
16,21.0,50,1,21,0.5,1,0.0,0.8093417120611138,0.0,0.4351304713460265,0.0,0.36107573438539475,1,770,0.22020357388443146,-1.032542107673552,0
16,22.0,50,1,22,0.5,1,1.0,1.0789189342402106,0.0,0.8093417120611138,0.0,0.343021947666125,1,771,0.22020357388443146,-1.032542107673552,0
16,23.0,50,1,23,0.5,1,1.0,-0.26548767824030767,1.0,1.0789189342402106,1.0789189342402106,0.37587085028281875,1,772,0.22020357388443146,-1.032542107673552,0
16,24.0,50,1,24,0.5,1,1.0,-0.31353389137497073,1.0,-0.26548767824030767,-0.26548767824030767,0.4070773077686779,1,773,0.22020357388443146,-1.032542107673552,0
16,25.0,50,1,25,0.5,1,1.0,-1.1548741257825217,1.0,-0.31353389137497073,-0.31353389137497073,0.436723442380244,1,774,0.22020357388443146,-1.032542107673552,0
16,26.0,50,1,26,0.5,1,1.0,0.4506551416671294,1.0,-1.1548741257825217,-1.1548741257825217,0.46488727026123183,1,775,0.22020357388443146,-1.032542107673552,0
16,27.0,50,1,27,0.5,1,1.0,0.9075244482390463,1.0,0.4506551416671294,0.4506551416671294,0.4916429067481703,1,776,0.22020357388443146,-1.032542107673552,0
16,28.0,50,1,28,0.5,1,0.0,0.005345607606532757,1.0,0.9075244482390463,0.9075244482390463,0.5170607614107617,1,777,0.22020357388443146,-1.032542107673552,0
16,29.0,50,1,29,0.5,1,1.0,-1.3756007730932427,0.0,0.005345607606532757,0.0,0.4912077233402236,1,778,0.22020357388443146,-1.032542107673552,0
16,30.0,50,1,30,0.5,1,1.0,-0.7534242377601951,1.0,-1.3756007730932427,-1.3756007730932427,0.5166473371732124,1,779,0.22020357388443146,-1.032542107673552,0
16,31.0,50,1,31,0.5,1,0.0,-1.1630289667762181,1.0,-0.7534242377601951,-0.7534242377601951,0.5408149703145518,1,780,0.22020357388443146,-1.032542107673552,0
16,32.0,50,1,32,0.5,1,1.0,-0.7584864460114759,0.0,-1.1630289667762181,-0.0,0.5137742217988243,1,781,0.22020357388443146,-1.032542107673552,0
16,33.0,50,1,33,0.5,1,0.0,-1.6525952585391115,1.0,-0.7584864460114759,-0.7584864460114759,0.5380855107088831,1,782,0.22020357388443146,-1.032542107673552,0
16,34.0,50,1,34,0.5,1,0.0,-2.614077522970086,0.0,-1.6525952585391115,-0.0,0.5111812351734388,1,783,0.22020357388443146,-1.032542107673552,0
16,35.0,50,1,35,0.5,1,0.0,-0.47280531056898656,0.0,-2.614077522970086,-0.0,0.4856221734147668,1,784,0.22020357388443146,-1.032542107673552,0
16,36.0,50,1,36,0.5,1,1.0,0.250968566428198,0.0,-0.47280531056898656,-0.0,0.4613410647440284,1,785,0.22020357388443146,-1.032542107673552,0
16,37.0,50,1,37,0.5,1,0.0,0.5904380208946689,1.0,0.250968566428198,0.250968566428198,0.48827401150682703,1,786,0.22020357388443146,-1.032542107673552,0
16,38.0,50,1,38,0.5,1,1.0,2.9208380562718688,0.0,0.5904380208946689,0.0,0.4638603109314856,1,787,0.22020357388443146,-1.032542107673552,0
16,39.0,50,1,39,0.5,1,1.0,1.8638300501258755,1.0,2.9208380562718688,2.9208380562718688,0.4906672953849114,1,788,0.22020357388443146,-1.032542107673552,0
16,40.0,50,1,40,0.5,1,0.0,1.448970859589989,1.0,1.8638300501258755,1.8638300501258755,0.5161339306156658,1,789,0.22020357388443146,-1.032542107673552,0
16,41.0,50,1,41,0.5,1,1.0,-0.018483757697245973,0.0,1.448970859589989,0.0,0.4903272340848825,1,790,0.22020357388443146,-1.032542107673552,0
16,42.0,50,1,42,0.5,1,1.0,-0.20368844767178396,1.0,-0.018483757697245973,-0.018483757697245973,0.5158108723806384,1,791,0.22020357388443146,-1.032542107673552,0
16,43.0,50,1,43,0.5,1,0.0,-0.45192552058864455,1.0,-0.20368844767178396,-0.20368844767178396,0.5400203287616065,1,792,0.22020357388443146,-1.032542107673552,0
16,44.0,50,1,44,0.5,1,0.0,0.3873206279657469,0.0,-0.45192552058864455,-0.0,0.5130193123235263,1,793,0.22020357388443146,-1.032542107673552,0
16,45.0,50,1,45,0.5,1,1.0,1.0698418757163406,0.0,0.3873206279657469,0.0,0.48736834670734996,1,794,0.22020357388443146,-1.032542107673552,0
16,46.0,50,1,46,0.5,1,1.0,0.3793211498403759,1.0,1.0698418757163406,1.0698418757163406,0.5129999293719826,1,795,0.22020357388443146,-1.032542107673552,0
16,47.0,50,1,47,0.5,1,1.0,1.0380033160540156,1.0,0.3793211498403759,0.3793211498403759,0.5373499329033835,1,796,0.22020357388443146,-1.032542107673552,0
16,48.0,50,1,48,0.5,1,1.0,0.7730347477856915,1.0,1.0380033160540156,1.0380033160540156,0.5604824362582144,1,797,0.22020357388443146,-1.032542107673552,0
16,49.0,50,1,49,0.5,1,0.0,0.9627669126872078,1.0,0.7730347477856915,0.7730347477856915,0.5824583144453036,1,798,0.22020357388443146,-1.032542107673552,0
16,50.0,50,1,50,0.5,1,1.0,1.0278214052119259,0.0,0.9627669126872078,0.0,0.5533353987230384,1,799,0.22020357388443146,-1.032542107673552,0
17,1.0,50,1,1,0.5,1,0.0,1.6710470867717353,0.0,0.5513901036738196,0.0,0.0,1,800,1.4747258874036322,0.1580650349728627,0
17,2.0,50,1,2,0.5,1,1.0,2.311057548257038,0.0,1.6710470867717353,0.0,0.0,1,801,1.4747258874036322,0.1580650349728627,0
17,3.0,50,1,3,0.5,1,1.0,1.677640550426752,1.0,2.311057548257038,2.311057548257038,0.050000000000000044,1,802,1.4747258874036322,0.1580650349728627,0
17,4.0,50,1,4,0.5,1,1.0,1.3778070026072018,1.0,1.677640550426752,1.677640550426752,0.09750000000000009,1,803,1.4747258874036322,0.1580650349728627,0
17,5.0,50,1,5,0.5,1,0.0,0.780772835933169,1.0,1.3778070026072018,1.3778070026072018,0.14262500000000014,1,804,1.4747258874036322,0.1580650349728627,0
17,6.0,50,1,6,0.5,1,1.0,0.7290362775480499,0.0,0.780772835933169,0.0,0.13549375000000013,1,805,1.4747258874036322,0.1580650349728627,0
17,7.0,50,1,7,0.5,1,0.0,0.22067755528412497,1.0,0.7290362775480499,0.7290362775480499,0.17871906250000016,1,806,1.4747258874036322,0.1580650349728627,0
17,8.0,50,1,8,0.5,1,0.0,-0.6647648622379867,0.0,0.22067755528412497,0.0,0.16978310937500016,1,807,1.4747258874036322,0.1580650349728627,0
17,9.0,50,1,9,0.5,1,1.0,-0.6332127874644402,0.0,-0.6647648622379867,-0.0,0.16129395390625015,1,808,1.4747258874036322,0.1580650349728627,0
17,10.0,50,1,10,0.5,1,1.0,0.03311107684958403,1.0,-0.6332127874644402,-0.6332127874644402,0.20322925621093768,1,809,1.4747258874036322,0.1580650349728627,0
17,11.0,50,1,11,0.5,1,1.0,-0.0858699288408879,1.0,0.03311107684958403,0.03311107684958403,0.24306779340039086,1,810,1.4747258874036322,0.1580650349728627,0
17,12.0,50,1,12,0.5,1,1.0,0.8723978046703663,1.0,-0.0858699288408879,-0.0858699288408879,0.28091440373037135,1,811,1.4747258874036322,0.1580650349728627,0
17,13.0,50,1,13,0.5,1,1.0,0.9094874952337533,1.0,0.8723978046703663,0.8723978046703663,0.31686868354385284,1,812,1.4747258874036322,0.1580650349728627,0
17,14.0,50,1,14,0.5,1,0.0,0.7596175929371827,1.0,0.9094874952337533,0.9094874952337533,0.35102524936666024,1,813,1.4747258874036322,0.1580650349728627,0
17,15.0,50,1,15,0.5,1,1.0,1.301611488770182,0.0,0.7596175929371827,0.0,0.33347398689832725,1,814,1.4747258874036322,0.1580650349728627,0
17,16.0,50,1,16,0.5,1,0.0,1.5722205096041573,1.0,1.301611488770182,1.301611488770182,0.36680028755341093,1,815,1.4747258874036322,0.1580650349728627,0
17,17.0,50,1,17,0.5,1,1.0,2.1174795588428954,0.0,1.5722205096041573,0.0,0.34846027317574035,1,816,1.4747258874036322,0.1580650349728627,0
17,18.0,50,1,18,0.5,1,1.0,1.6084106049960671,1.0,2.1174795588428954,2.1174795588428954,0.38103725951695333,1,817,1.4747258874036322,0.1580650349728627,0
17,19.0,50,1,19,0.5,1,1.0,2.151431474574723,1.0,1.6084106049960671,1.6084106049960671,0.4119853965411057,1,818,1.4747258874036322,0.1580650349728627,0
17,20.0,50,1,20,0.5,1,0.0,2.0841328036780427,1.0,2.151431474574723,2.151431474574723,0.4413861267140505,1,819,1.4747258874036322,0.1580650349728627,0
17,21.0,50,1,21,0.5,1,0.0,1.1407248121719422,0.0,2.0841328036780427,0.0,0.41931682037834794,1,820,1.4747258874036322,0.1580650349728627,0
17,22.0,50,1,22,0.5,1,1.0,0.07715714418970443,0.0,1.1407248121719422,0.0,0.39835097935943053,1,821,1.4747258874036322,0.1580650349728627,0
17,23.0,50,1,23,0.5,1,1.0,0.34637273257234796,1.0,0.07715714418970443,0.07715714418970443,0.4284334303914591,1,822,1.4747258874036322,0.1580650349728627,0
17,24.0,50,1,24,0.5,1,0.0,-0.8472649908199943,1.0,0.34637273257234796,0.34637273257234796,0.45701175887188616,1,823,1.4747258874036322,0.1580650349728627,0
17,25.0,50,1,25,0.5,1,0.0,-1.5529595400905551,0.0,-0.8472649908199943,-0.0,0.4341611709282918,1,824,1.4747258874036322,0.1580650349728627,0
17,26.0,50,1,26,0.5,1,1.0,0.04274147422969077,0.0,-1.5529595400905551,-0.0,0.41245311238187726,1,825,1.4747258874036322,0.1580650349728627,0
17,27.0,50,1,27,0.5,1,1.0,-0.23680341974635088,1.0,0.04274147422969077,0.04274147422969077,0.4418304567627834,1,826,1.4747258874036322,0.1580650349728627,0
17,28.0,50,1,28,0.5,1,0.0,-0.679413700592042,1.0,-0.23680341974635088,-0.23680341974635088,0.4697389339246443,1,827,1.4747258874036322,0.1580650349728627,0
17,29.0,50,1,29,0.5,1,1.0,0.018821253055484877,0.0,-0.679413700592042,-0.0,0.44625198722841203,1,828,1.4747258874036322,0.1580650349728627,0
17,30.0,50,1,30,0.5,1,0.0,0.05589213889347851,1.0,0.018821253055484877,0.018821253055484877,0.4739393878669914,1,829,1.4747258874036322,0.1580650349728627,0
17,31.0,50,1,31,0.5,1,1.0,0.23416796022908049,0.0,0.05589213889347851,0.0,0.4502424184736418,1,830,1.4747258874036322,0.1580650349728627,0
17,32.0,50,1,32,0.5,1,0.0,-0.9583435420233131,1.0,0.23416796022908049,0.23416796022908049,0.47773029754995977,1,831,1.4747258874036322,0.1580650349728627,0
17,33.0,50,1,33,0.5,1,1.0,-0.071302039190138,0.0,-0.9583435420233131,-0.0,0.4538437826724617,1,832,1.4747258874036322,0.1580650349728627,0
17,34.0,50,1,34,0.5,1,1.0,-0.20531162190752972,1.0,-0.071302039190138,-0.071302039190138,0.4811515935388387,1,833,1.4747258874036322,0.1580650349728627,0
17,35.0,50,1,35,0.5,1,0.0,-1.0468357585287333,1.0,-0.20531162190752972,-0.20531162190752972,0.5070940138618968,1,834,1.4747258874036322,0.1580650349728627,0
17,36.0,50,1,36,0.5,1,0.0,0.026774601790181984,0.0,-1.0468357585287333,-0.0,0.481739313168802,1,835,1.4747258874036322,0.1580650349728627,0
17,37.0,50,1,37,0.5,1,1.0,0.6043675662025901,0.0,0.026774601790181984,0.0,0.4576523475103618,1,836,1.4747258874036322,0.1580650349728627,0
17,38.0,50,1,38,0.5,1,0.0,0.294261624753566,1.0,0.6043675662025901,0.6043675662025901,0.48476973013484376,1,837,1.4747258874036322,0.1580650349728627,0
17,39.0,50,1,39,0.5,1,0.0,-1.2763081129603215,0.0,0.294261624753566,0.0,0.4605312436281015,1,838,1.4747258874036322,0.1580650349728627,0
17,40.0,50,1,40,0.5,1,1.0,0.3842142195688105,0.0,-1.2763081129603215,-0.0,0.43750468144669635,1,839,1.4747258874036322,0.1580650349728627,0
17,41.0,50,1,41,0.5,1,0.0,-0.4940675420345879,1.0,0.3842142195688105,0.3842142195688105,0.46562944737436157,1,840,1.4747258874036322,0.1580650349728627,0
17,42.0,50,1,42,0.5,1,1.0,0.4191181454264097,0.0,-0.4940675420345879,-0.0,0.44234797500564343,1,841,1.4747258874036322,0.1580650349728627,0
17,43.0,50,1,43,0.5,1,1.0,0.40609671123887703,1.0,0.4191181454264097,0.4191181454264097,0.4702305762553613,1,842,1.4747258874036322,0.1580650349728627,0
17,44.0,50,1,44,0.5,1,1.0,0.7637299349905139,1.0,0.40609671123887703,0.40609671123887703,0.49671904744259326,1,843,1.4747258874036322,0.1580650349728627,0
17,45.0,50,1,45,0.5,1,1.0,0.7701742663190781,1.0,0.7637299349905139,0.7637299349905139,0.5218830950704637,1,844,1.4747258874036322,0.1580650349728627,0
17,46.0,50,1,46,0.5,1,1.0,-0.7143375870567206,1.0,0.7701742663190781,0.7701742663190781,0.5457889403169406,1,845,1.4747258874036322,0.1580650349728627,0
17,47.0,50,1,47,0.5,1,1.0,-0.7106745398805012,1.0,-0.7143375870567206,-0.7143375870567206,0.5684994933010935,1,846,1.4747258874036322,0.1580650349728627,0
17,48.0,50,1,48,0.5,1,0.0,-0.9096901435848621,1.0,-0.7106745398805012,-0.7106745398805012,0.5900745186360389,1,847,1.4747258874036322,0.1580650349728627,0
17,49.0,50,1,49,0.5,1,0.0,-0.37325723372659547,0.0,-0.9096901435848621,-0.0,0.5605707927042369,1,848,1.4747258874036322,0.1580650349728627,0
17,50.0,50,1,50,0.5,1,1.0,0.7555943718183499,0.0,-0.37325723372659547,-0.0,0.532542253069025,1,849,1.4747258874036322,0.1580650349728627,0
18,1.0,50,1,1,0.5,1,0.0,-0.6005316864240335,0.0,-0.23403998071283358,0.0,0.0,1,850,-1.6809236277162922,-2.404024744714355,0
18,2.0,50,1,2,0.5,1,0.0,-0.9709690929409039,0.0,-0.6005316864240335,-0.0,0.0,1,851,-1.6809236277162922,-2.404024744714355,0
18,3.0,50,1,3,0.5,1,0.0,-0.6839333389684363,0.0,-0.9709690929409039,-0.0,0.0,1,852,-1.6809236277162922,-2.404024744714355,0
18,4.0,50,1,4,0.5,1,0.0,-1.7884705654769366,0.0,-0.6839333389684363,-0.0,0.0,1,853,-1.6809236277162922,-2.404024744714355,0
18,5.0,50,1,5,0.5,1,0.0,-2.350799425562104,0.0,-1.7884705654769366,-0.0,0.0,1,854,-1.6809236277162922,-2.404024744714355,0
18,6.0,50,1,6,0.5,1,1.0,-1.2634736392743011,0.0,-2.350799425562104,-0.0,0.0,1,855,-1.6809236277162922,-2.404024744714355,0
18,7.0,50,1,7,0.5,1,1.0,-1.3205016626424793,1.0,-1.2634736392743011,-1.2634736392743011,0.050000000000000044,1,856,-1.6809236277162922,-2.404024744714355,0
18,8.0,50,1,8,0.5,1,0.0,-0.45813017302913017,1.0,-1.3205016626424793,-1.3205016626424793,0.09750000000000009,1,857,-1.6809236277162922,-2.404024744714355,0
18,9.0,50,1,9,0.5,1,1.0,-0.8825778304789282,0.0,-0.45813017302913017,-0.0,0.09262500000000007,1,858,-1.6809236277162922,-2.404024744714355,0
18,10.0,50,1,10,0.5,1,1.0,-1.170326829488272,1.0,-0.8825778304789282,-0.8825778304789282,0.1379937500000001,1,859,-1.6809236277162922,-2.404024744714355,0
18,11.0,50,1,11,0.5,1,0.0,-1.0810454066660116,1.0,-1.170326829488272,-1.170326829488272,0.18109406250000012,1,860,-1.6809236277162922,-2.404024744714355,0
18,12.0,50,1,12,0.5,1,0.0,-1.6984846608350241,0.0,-1.0810454066660116,-0.0,0.17203935937500012,1,861,-1.6809236277162922,-2.404024744714355,0
18,13.0,50,1,13,0.5,1,1.0,-0.2815924951585765,0.0,-1.6984846608350241,-0.0,0.1634373914062501,1,862,-1.6809236277162922,-2.404024744714355,0
18,14.0,50,1,14,0.5,1,1.0,0.3578301030854939,1.0,-0.2815924951585765,-0.2815924951585765,0.20526552183593766,1,863,-1.6809236277162922,-2.404024744714355,0
18,15.0,50,1,15,0.5,1,0.0,-0.656157574552247,1.0,0.3578301030854939,0.3578301030854939,0.24500224574414084,1,864,-1.6809236277162922,-2.404024744714355,0
18,16.0,50,1,16,0.5,1,0.0,-1.25011345895586,0.0,-0.656157574552247,-0.0,0.23275213345693377,1,865,-1.6809236277162922,-2.404024744714355,0
18,17.0,50,1,17,0.5,1,0.0,-1.3094453075473236,0.0,-1.25011345895586,-0.0,0.22111452678408708,1,866,-1.6809236277162922,-2.404024744714355,0
18,18.0,50,1,18,0.5,1,1.0,-1.7727275498429587,0.0,-1.3094453075473236,-0.0,0.21005880044488273,1,867,-1.6809236277162922,-2.404024744714355,0
18,19.0,50,1,19,0.5,1,0.0,-2.663586151916425,1.0,-1.7727275498429587,-1.7727275498429587,0.2495558604226386,1,868,-1.6809236277162922,-2.404024744714355,0
18,20.0,50,1,20,0.5,1,1.0,-2.2158184540090833,0.0,-2.663586151916425,-0.0,0.23707806740150666,1,869,-1.6809236277162922,-2.404024744714355,0
18,21.0,50,1,21,0.5,1,0.0,-1.7242704988471687,1.0,-2.2158184540090833,-2.2158184540090833,0.27522416403143135,1,870,-1.6809236277162922,-2.404024744714355,0
18,22.0,50,1,22,0.5,1,0.0,-0.7133901081550009,0.0,-1.7242704988471687,-0.0,0.26146295582985973,1,871,-1.6809236277162922,-2.404024744714355,0
18,23.0,50,1,23,0.5,1,1.0,0.4288459442644897,0.0,-0.7133901081550009,-0.0,0.24838980803836672,1,872,-1.6809236277162922,-2.404024744714355,0
18,24.0,50,1,24,0.5,1,1.0,0.3140963091596285,1.0,0.4288459442644897,0.4288459442644897,0.2859703176364484,1,873,-1.6809236277162922,-2.404024744714355,0
18,25.0,50,1,25,0.5,1,0.0,-0.28032830119765934,1.0,0.3140963091596285,0.3140963091596285,0.32167180175462606,1,874,-1.6809236277162922,-2.404024744714355,0
18,26.0,50,1,26,0.5,1,1.0,0.1319713274597546,0.0,-0.28032830119765934,-0.0,0.30558821166689476,1,875,-1.6809236277162922,-2.404024744714355,0
18,27.0,50,1,27,0.5,1,0.0,1.1682677240372144,1.0,0.1319713274597546,0.1319713274597546,0.34030880108355005,1,876,-1.6809236277162922,-2.404024744714355,0
18,28.0,50,1,28,0.5,1,1.0,1.254499171829133,0.0,1.1682677240372144,0.0,0.3232933610293725,1,877,-1.6809236277162922,-2.404024744714355,0
18,29.0,50,1,29,0.5,1,0.0,0.5487832492574919,1.0,1.254499171829133,1.254499171829133,0.3571286929779039,1,878,-1.6809236277162922,-2.404024744714355,0
18,30.0,50,1,30,0.5,1,1.0,0.5322740652398443,0.0,0.5487832492574919,0.0,0.3392722583290087,1,879,-1.6809236277162922,-2.404024744714355,0
18,31.0,50,1,31,0.5,1,0.0,0.6968883919588057,1.0,0.5322740652398443,0.5322740652398443,0.3723086454125583,1,880,-1.6809236277162922,-2.404024744714355,0
18,32.0,50,1,32,0.5,1,1.0,1.1087561384304838,0.0,0.6968883919588057,0.0,0.35369321314193036,1,881,-1.6809236277162922,-2.404024744714355,0
18,33.0,50,1,33,0.5,1,0.0,-0.26651050789081265,1.0,1.1087561384304838,1.1087561384304838,0.38600855248483384,1,882,-1.6809236277162922,-2.404024744714355,0
18,34.0,50,1,34,0.5,1,1.0,0.5637899454195128,0.0,-0.26651050789081265,-0.0,0.3667081248605921,1,883,-1.6809236277162922,-2.404024744714355,0
18,35.0,50,1,35,0.5,1,1.0,0.5494927545208371,1.0,0.5637899454195128,0.5637899454195128,0.39837271861756257,1,884,-1.6809236277162922,-2.404024744714355,0
18,36.0,50,1,36,0.5,1,0.0,-0.8048477817609796,1.0,0.5494927545208371,0.5494927545208371,0.4284540826866845,1,885,-1.6809236277162922,-2.404024744714355,0
18,37.0,50,1,37,0.5,1,1.0,-1.1900000908785247,0.0,-0.8048477817609796,-0.0,0.4070313785523503,1,886,-1.6809236277162922,-2.404024744714355,0
18,38.0,50,1,38,0.5,1,1.0,-0.22845093376806902,1.0,-1.1900000908785247,-1.1900000908785247,0.4366798096247328,1,887,-1.6809236277162922,-2.404024744714355,0
18,39.0,50,1,39,0.5,1,0.0,-0.6417867414405646,1.0,-0.22845093376806902,-0.22845093376806902,0.46484581914349615,1,888,-1.6809236277162922,-2.404024744714355,0
18,40.0,50,1,40,0.5,1,0.0,-0.5530646175745505,0.0,-0.6417867414405646,-0.0,0.4416035281863213,1,889,-1.6809236277162922,-2.404024744714355,0
18,41.0,50,1,41,0.5,1,1.0,0.17519889812895525,0.0,-0.5530646175745505,-0.0,0.41952335177700517,1,890,-1.6809236277162922,-2.404024744714355,0
18,42.0,50,1,42,0.5,1,0.0,-0.443219012325776,1.0,0.17519889812895525,0.17519889812895525,0.4485471841881549,1,891,-1.6809236277162922,-2.404024744714355,0
18,43.0,50,1,43,0.5,1,0.0,0.2517247248650383,0.0,-0.443219012325776,-0.0,0.4261198249787471,1,892,-1.6809236277162922,-2.404024744714355,0
18,44.0,50,1,44,0.5,1,0.0,-0.4963684518290381,0.0,0.2517247248650383,0.0,0.4048138337298098,1,893,-1.6809236277162922,-2.404024744714355,0
18,45.0,50,1,45,0.5,1,1.0,-0.1835352950765929,0.0,-0.4963684518290381,-0.0,0.38457314204331927,1,894,-1.6809236277162922,-2.404024744714355,0
18,46.0,50,1,46,0.5,1,0.0,0.2857396338208614,1.0,-0.1835352950765929,-0.1835352950765929,0.41534448494115334,1,895,-1.6809236277162922,-2.404024744714355,0
18,47.0,50,1,47,0.5,1,0.0,1.6766120557075417,0.0,0.2857396338208614,0.0,0.39457726069409566,1,896,-1.6809236277162922,-2.404024744714355,0
18,48.0,50,1,48,0.5,1,0.0,1.3438135881379343,0.0,1.6766120557075417,0.0,0.3748483976593908,1,897,-1.6809236277162922,-2.404024744714355,0
18,49.0,50,1,49,0.5,1,1.0,0.9917423237667559,0.0,1.3438135881379343,0.0,0.3561059777764213,1,898,-1.6809236277162922,-2.404024744714355,0
18,50.0,50,1,50,0.5,1,0.0,1.133567030186478,1.0,0.9917423237667559,0.9917423237667559,0.3883006788876003,1,899,-1.6809236277162922,-2.404024744714355,0
19,1.0,50,1,1,0.5,1,0.0,0.7552018922846191,0.0,-0.29409287996478406,0.0,0.0,1,900,0.9989133301565494,-0.9068970438068191,0
19,2.0,50,1,2,0.5,1,0.0,0.4821560374636848,0.0,0.7552018922846191,0.0,0.0,1,901,0.9989133301565494,-0.9068970438068191,0
19,3.0,50,1,3,0.5,1,0.0,0.852008193924018,0.0,0.4821560374636848,0.0,0.0,1,902,0.9989133301565494,-0.9068970438068191,0
19,4.0,50,1,4,0.5,1,0.0,0.9961460811717053,0.0,0.852008193924018,0.0,0.0,1,903,0.9989133301565494,-0.9068970438068191,0
19,5.0,50,1,5,0.5,1,0.0,-0.005440094838649283,0.0,0.9961460811717053,0.0,0.0,1,904,0.9989133301565494,-0.9068970438068191,0
19,6.0,50,1,6,0.5,1,0.0,-0.8290159266359007,0.0,-0.005440094838649283,-0.0,0.0,1,905,0.9989133301565494,-0.9068970438068191,0
19,7.0,50,1,7,0.5,1,0.0,-0.1821898905521284,0.0,-0.8290159266359007,-0.0,0.0,1,906,0.9989133301565494,-0.9068970438068191,0
19,8.0,50,1,8,0.5,1,0.0,-1.0972042427339137,0.0,-0.1821898905521284,-0.0,0.0,1,907,0.9989133301565494,-0.9068970438068191,0
19,9.0,50,1,9,0.5,1,0.0,-0.35372094139187227,0.0,-1.0972042427339137,-0.0,0.0,1,908,0.9989133301565494,-0.9068970438068191,0
19,10.0,50,1,10,0.5,1,1.0,0.08864951530754725,0.0,-0.35372094139187227,-0.0,0.0,1,909,0.9989133301565494,-0.9068970438068191,0
19,11.0,50,1,11,0.5,1,0.0,-0.26711878452376087,1.0,0.08864951530754725,0.08864951530754725,0.050000000000000044,1,910,0.9989133301565494,-0.9068970438068191,0
19,12.0,50,1,12,0.5,1,1.0,-0.34713234555703504,0.0,-0.26711878452376087,-0.0,0.04750000000000004,1,911,0.9989133301565494,-0.9068970438068191,0
19,13.0,50,1,13,0.5,1,1.0,-0.21014456689703642,1.0,-0.34713234555703504,-0.34713234555703504,0.09512500000000007,1,912,0.9989133301565494,-0.9068970438068191,0
19,14.0,50,1,14,0.5,1,0.0,-0.49404873530507626,1.0,-0.21014456689703642,-0.21014456689703642,0.1403687500000001,1,913,0.9989133301565494,-0.9068970438068191,0
19,15.0,50,1,15,0.5,1,0.0,-0.6673173275929607,0.0,-0.49404873530507626,-0.0,0.1333503125000001,1,914,0.9989133301565494,-0.9068970438068191,0
19,16.0,50,1,16,0.5,1,1.0,-0.5292917668548449,0.0,-0.6673173275929607,-0.0,0.1266827968750001,1,915,0.9989133301565494,-0.9068970438068191,0
19,17.0,50,1,17,0.5,1,0.0,0.01144782697166618,1.0,-0.5292917668548449,-0.5292917668548449,0.17034865703125013,1,916,0.9989133301565494,-0.9068970438068191,0
19,18.0,50,1,18,0.5,1,0.0,0.0941209110796952,0.0,0.01144782697166618,0.0,0.16183122417968762,1,917,0.9989133301565494,-0.9068970438068191,0
19,19.0,50,1,19,0.5,1,0.0,-0.0542166545793378,0.0,0.0941209110796952,0.0,0.15373966297070324,1,918,0.9989133301565494,-0.9068970438068191,0
19,20.0,50,1,20,0.5,1,1.0,1.1144579958439973,0.0,-0.0542166545793378,-0.0,0.14605267982216807,1,919,0.9989133301565494,-0.9068970438068191,0
19,21.0,50,1,21,0.5,1,0.0,1.706297718954194,1.0,1.1144579958439973,1.1144579958439973,0.1887500458310597,1,920,0.9989133301565494,-0.9068970438068191,0
19,22.0,50,1,22,0.5,1,1.0,2.8980020573988585,0.0,1.706297718954194,0.0,0.1793125435395067,1,921,0.9989133301565494,-0.9068970438068191,0
19,23.0,50,1,23,0.5,1,1.0,1.962363713019705,1.0,2.8980020573988585,2.8980020573988585,0.2203469163625314,1,922,0.9989133301565494,-0.9068970438068191,0
19,24.0,50,1,24,0.5,1,1.0,0.805463351605409,1.0,1.962363713019705,1.962363713019705,0.25932957054440486,1,923,0.9989133301565494,-0.9068970438068191,0
19,25.0,50,1,25,0.5,1,0.0,0.2837319091711023,1.0,0.805463351605409,0.805463351605409,0.29636309201718464,1,924,0.9989133301565494,-0.9068970438068191,0
19,26.0,50,1,26,0.5,1,1.0,1.000583470506324,0.0,0.2837319091711023,0.0,0.2815449374163254,1,925,0.9989133301565494,-0.9068970438068191,0
19,27.0,50,1,27,0.5,1,1.0,1.3252230279537347,1.0,1.000583470506324,1.000583470506324,0.31746769054550916,1,926,0.9989133301565494,-0.9068970438068191,0
19,28.0,50,1,28,0.5,1,1.0,2.2226883609197405,1.0,1.3252230279537347,1.3252230279537347,0.3515943060182337,1,927,0.9989133301565494,-0.9068970438068191,0
19,29.0,50,1,29,0.5,1,0.0,1.7873488163629672,1.0,2.2226883609197405,2.2226883609197405,0.3840145907173221,1,928,0.9989133301565494,-0.9068970438068191,0
19,30.0,50,1,30,0.5,1,0.0,0.41181688104598996,0.0,1.7873488163629672,0.0,0.3648138611814559,1,929,0.9989133301565494,-0.9068970438068191,0
19,31.0,50,1,31,0.5,1,1.0,-0.15354482273361936,0.0,0.41181688104598996,0.0,0.3465731681223831,1,930,0.9989133301565494,-0.9068970438068191,0
19,32.0,50,1,32,0.5,1,1.0,0.8099246293262568,1.0,-0.15354482273361936,-0.15354482273361936,0.379244509716264,1,931,0.9989133301565494,-0.9068970438068191,0
19,33.0,50,1,33,0.5,1,0.0,0.8313820959857694,1.0,0.8099246293262568,0.8099246293262568,0.4102822842304509,1,932,0.9989133301565494,-0.9068970438068191,0
19,34.0,50,1,34,0.5,1,1.0,0.046420105372700526,0.0,0.8313820959857694,0.0,0.38976817001892833,1,933,0.9989133301565494,-0.9068970438068191,0
19,35.0,50,1,35,0.5,1,1.0,0.6522559628798159,1.0,0.046420105372700526,0.046420105372700526,0.42027976151798196,1,934,0.9989133301565494,-0.9068970438068191,0
19,36.0,50,1,36,0.5,1,0.0,-0.15871987378072056,1.0,0.6522559628798159,0.6522559628798159,0.4492657734420829,1,935,0.9989133301565494,-0.9068970438068191,0
19,37.0,50,1,37,0.5,1,1.0,0.1179644584052284,0.0,-0.15871987378072056,-0.0,0.42680248476997873,1,936,0.9989133301565494,-0.9068970438068191,0
19,38.0,50,1,38,0.5,1,1.0,-1.1907154762148529,1.0,0.1179644584052284,0.1179644584052284,0.4554623605314798,1,937,0.9989133301565494,-0.9068970438068191,0
19,39.0,50,1,39,0.5,1,0.0,-2.423733778625229,1.0,-1.1907154762148529,-1.1907154762148529,0.4826892425049059,1,938,0.9989133301565494,-0.9068970438068191,0
19,40.0,50,1,40,0.5,1,0.0,-0.11124165882050598,0.0,-2.423733778625229,-0.0,0.4585547803796606,1,939,0.9989133301565494,-0.9068970438068191,0
19,41.0,50,1,41,0.5,1,1.0,0.4314002583180119,0.0,-0.11124165882050598,-0.0,0.43562704136067754,1,940,0.9989133301565494,-0.9068970438068191,0
19,42.0,50,1,42,0.5,1,1.0,0.19069471926495046,1.0,0.4314002583180119,0.4314002583180119,0.4638456892926437,1,941,0.9989133301565494,-0.9068970438068191,0
19,43.0,50,1,43,0.5,1,1.0,0.7599251459712817,1.0,0.19069471926495046,0.19069471926495046,0.49065340482801156,1,942,0.9989133301565494,-0.9068970438068191,0
19,44.0,50,1,44,0.5,1,0.0,0.4263390564260158,1.0,0.7599251459712817,0.7599251459712817,0.516120734586611,1,943,0.9989133301565494,-0.9068970438068191,0
19,45.0,50,1,45,0.5,1,0.0,-0.022010577574218492,0.0,0.4263390564260158,0.0,0.49031469785728043,1,944,0.9989133301565494,-0.9068970438068191,0
19,46.0,50,1,46,0.5,1,1.0,0.005448171689357961,0.0,-0.022010577574218492,-0.0,0.46579896296441636,1,945,0.9989133301565494,-0.9068970438068191,0
19,47.0,50,1,47,0.5,1,1.0,0.5911753747140293,1.0,0.005448171689357961,0.005448171689357961,0.4925090148161955,1,946,0.9989133301565494,-0.9068970438068191,0
19,48.0,50,1,48,0.5,1,0.0,-0.010393497000574157,1.0,0.5911753747140293,0.5911753747140293,0.5178835640753857,1,947,0.9989133301565494,-0.9068970438068191,0
19,49.0,50,1,49,0.5,1,0.0,0.020023131791938733,0.0,-0.010393497000574157,-0.0,0.4919893858716164,1,948,0.9989133301565494,-0.9068970438068191,0
19,50.0,50,1,50,0.5,1,1.0,-0.1014581974165436,0.0,0.020023131791938733,0.0,0.4673899165780356,1,949,0.9989133301565494,-0.9068970438068191,0
20,1.0,50,1,1,0.5,1,1.0,0.6809401001100628,0.0,0.24060690447328187,0.0,0.0,1,950,-0.3869735778030305,-1.021170439468744,0
20,2.0,50,1,2,0.5,1,0.0,-0.25965498610248094,1.0,0.6809401001100628,0.6809401001100628,0.050000000000000044,1,951,-0.3869735778030305,-1.021170439468744,0
20,3.0,50,1,3,0.5,1,0.0,0.32312939955488235,0.0,-0.25965498610248094,-0.0,0.04750000000000004,1,952,-0.3869735778030305,-1.021170439468744,0
20,4.0,50,1,4,0.5,1,0.0,0.4080125753866278,0.0,0.32312939955488235,0.0,0.04512500000000004,1,953,-0.3869735778030305,-1.021170439468744,0
20,5.0,50,1,5,0.5,1,0.0,0.9823710953691676,0.0,0.4080125753866278,0.0,0.04286875000000004,1,954,-0.3869735778030305,-1.021170439468744,0
20,6.0,50,1,6,0.5,1,1.0,1.2374295604599221,0.0,0.9823710953691676,0.0,0.040725312500000034,1,955,-0.3869735778030305,-1.021170439468744,0
20,7.0,50,1,7,0.5,1,1.0,1.1712482033106204,1.0,1.2374295604599221,1.2374295604599221,0.08868904687500007,1,956,-0.3869735778030305,-1.021170439468744,0
20,8.0,50,1,8,0.5,1,1.0,0.1728846058571569,1.0,1.1712482033106204,1.1712482033106204,0.13425459453125008,1,957,-0.3869735778030305,-1.021170439468744,0
20,9.0,50,1,9,0.5,1,0.0,0.44651126445011985,1.0,0.1728846058571569,0.1728846058571569,0.17754186480468762,1,958,-0.3869735778030305,-1.021170439468744,0
20,10.0,50,1,10,0.5,1,0.0,1.2330480921347662,0.0,0.44651126445011985,0.0,0.16866477156445323,1,959,-0.3869735778030305,-1.021170439468744,0
20,11.0,50,1,11,0.5,1,1.0,2.565899697344748,0.0,1.2330480921347662,0.0,0.16023153298623055,1,960,-0.3869735778030305,-1.021170439468744,0
20,12.0,50,1,12,0.5,1,0.0,1.0508558364389737,1.0,2.565899697344748,2.565899697344748,0.20221995633691905,1,961,-0.3869735778030305,-1.021170439468744,0
20,13.0,50,1,13,0.5,1,1.0,0.32252300536908146,0.0,1.0508558364389737,0.0,0.1921089585200731,1,962,-0.3869735778030305,-1.021170439468744,0
20,14.0,50,1,14,0.5,1,1.0,1.748827236238529,1.0,0.32252300536908146,0.32252300536908146,0.23250351059406946,1,963,-0.3869735778030305,-1.021170439468744,0
20,15.0,50,1,15,0.5,1,0.0,1.589260229502494,1.0,1.748827236238529,1.748827236238529,0.270878335064366,1,964,-0.3869735778030305,-1.021170439468744,0
20,16.0,50,1,16,0.5,1,0.0,2.031841102351265,0.0,1.589260229502494,0.0,0.2573344183111477,1,965,-0.3869735778030305,-1.021170439468744,0
20,17.0,50,1,17,0.5,1,1.0,0.4168363110351667,0.0,2.031841102351265,0.0,0.2444676973955903,1,966,-0.3869735778030305,-1.021170439468744,0
20,18.0,50,1,18,0.5,1,0.0,0.012898683818102885,1.0,0.4168363110351667,0.4168363110351667,0.2822443125258108,1,967,-0.3869735778030305,-1.021170439468744,0
20,19.0,50,1,19,0.5,1,1.0,0.8095845882168464,0.0,0.012898683818102885,0.0,0.2681320968995202,1,968,-0.3869735778030305,-1.021170439468744,0
20,20.0,50,1,20,0.5,1,0.0,0.6444811808289435,1.0,0.8095845882168464,0.8095845882168464,0.30472549205454424,1,969,-0.3869735778030305,-1.021170439468744,0
20,21.0,50,1,21,0.5,1,1.0,0.9691386264267202,0.0,0.6444811808289435,0.0,0.289489217451817,1,970,-0.3869735778030305,-1.021170439468744,0
20,22.0,50,1,22,0.5,1,0.0,0.029509202613297564,1.0,0.9691386264267202,0.9691386264267202,0.3250147565792262,1,971,-0.3869735778030305,-1.021170439468744,0
20,23.0,50,1,23,0.5,1,1.0,-0.2689541336131097,0.0,0.029509202613297564,0.0,0.3087640187502649,1,972,-0.3869735778030305,-1.021170439468744,0
20,24.0,50,1,24,0.5,1,0.0,-0.45762030034107387,1.0,-0.2689541336131097,-0.2689541336131097,0.3433258178127517,1,973,-0.3869735778030305,-1.021170439468744,0
20,25.0,50,1,25,0.5,1,1.0,0.32941294871042825,0.0,-0.45762030034107387,-0.0,0.3261595269221141,1,974,-0.3869735778030305,-1.021170439468744,0
20,26.0,50,1,26,0.5,1,0.0,0.706044169568373,1.0,0.32941294871042825,0.32941294871042825,0.3598515505760084,1,975,-0.3869735778030305,-1.021170439468744,0
20,27.0,50,1,27,0.5,1,0.0,-0.41058334938964497,0.0,0.706044169568373,0.0,0.34185897304720797,1,976,-0.3869735778030305,-1.021170439468744,0
20,28.0,50,1,28,0.5,1,0.0,0.22323296861142317,0.0,-0.41058334938964497,-0.0,0.3247660243948476,1,977,-0.3869735778030305,-1.021170439468744,0
20,29.0,50,1,29,0.5,1,1.0,0.6567005531032348,0.0,0.22323296861142317,0.0,0.3085277231751052,1,978,-0.3869735778030305,-1.021170439468744,0
20,30.0,50,1,30,0.5,1,0.0,1.0516697903127283,1.0,0.6567005531032348,0.6567005531032348,0.3431013370163499,1,979,-0.3869735778030305,-1.021170439468744,0
20,31.0,50,1,31,0.5,1,1.0,2.248142394266148,0.0,1.0516697903127283,0.0,0.32594627016553246,1,980,-0.3869735778030305,-1.021170439468744,0
20,32.0,50,1,32,0.5,1,1.0,1.783910137629234,1.0,2.248142394266148,2.248142394266148,0.3596489566572559,1,981,-0.3869735778030305,-1.021170439468744,0
20,33.0,50,1,33,0.5,1,1.0,1.4789384437972801,1.0,1.783910137629234,1.783910137629234,0.39166650882439313,1,982,-0.3869735778030305,-1.021170439468744,0
20,34.0,50,1,34,0.5,1,0.0,0.6222590101111838,1.0,1.4789384437972801,1.4789384437972801,0.4220831833831735,1,983,-0.3869735778030305,-1.021170439468744,0
20,35.0,50,1,35,0.5,1,1.0,1.4556313457122558,0.0,0.6222590101111838,0.0,0.4009790242140149,1,984,-0.3869735778030305,-1.021170439468744,0
20,36.0,50,1,36,0.5,1,1.0,0.7755172358527167,1.0,1.4556313457122558,1.4556313457122558,0.4309300730033142,1,985,-0.3869735778030305,-1.021170439468744,0
20,37.0,50,1,37,0.5,1,1.0,0.44842265822508526,1.0,0.7755172358527167,0.7755172358527167,0.45938356935314856,1,986,-0.3869735778030305,-1.021170439468744,0
20,38.0,50,1,38,0.5,1,1.0,0.13111303460173884,1.0,0.44842265822508526,0.44842265822508526,0.48641439088549115,1,987,-0.3869735778030305,-1.021170439468744,0
20,39.0,50,1,39,0.5,1,1.0,0.5451970837843497,1.0,0.13111303460173884,0.13111303460173884,0.5120936713412166,1,988,-0.3869735778030305,-1.021170439468744,0
20,40.0,50,1,40,0.5,1,0.0,0.09562401426971681,1.0,0.5451970837843497,0.5451970837843497,0.5364889877741559,1,989,-0.3869735778030305,-1.021170439468744,0
20,41.0,50,1,41,0.5,1,1.0,0.6136129755186103,0.0,0.09562401426971681,0.0,0.509664538385448,1,990,-0.3869735778030305,-1.021170439468744,0
20,42.0,50,1,42,0.5,1,0.0,-1.0358011181567117,1.0,0.6136129755186103,0.6136129755186103,0.5341813114661756,1,991,-0.3869735778030305,-1.021170439468744,0
20,43.0,50,1,43,0.5,1,1.0,1.549042410888479,0.0,-1.0358011181567117,-0.0,0.5074722458928668,1,992,-0.3869735778030305,-1.021170439468744,0
20,44.0,50,1,44,0.5,1,0.0,0.4159872616527019,1.0,1.549042410888479,1.549042410888479,0.5320986335982235,1,993,-0.3869735778030305,-1.021170439468744,0
20,45.0,50,1,45,0.5,1,1.0,1.3727116435204945,0.0,0.4159872616527019,0.0,0.5054937019183123,1,994,-0.3869735778030305,-1.021170439468744,0
20,46.0,50,1,46,0.5,1,0.0,1.1050252233470972,1.0,1.3727116435204945,1.3727116435204945,0.5302190168223967,1,995,-0.3869735778030305,-1.021170439468744,0
20,47.0,50,1,47,0.5,1,0.0,0.09369259828312229,0.0,1.1050252233470972,0.0,0.5037080659812768,1,996,-0.3869735778030305,-1.021170439468744,0
20,48.0,50,1,48,0.5,1,1.0,1.3103802900501946,0.0,0.09369259828312229,0.0,0.478522662682213,1,997,-0.3869735778030305,-1.021170439468744,0
20,49.0,50,1,49,0.5,1,1.0,0.37035838074440786,1.0,1.3103802900501946,1.3103802900501946,0.5045965295481023,1,998,-0.3869735778030305,-1.021170439468744,0
20,50.0,50,1,50,0.5,1,0.0,-0.9366771035735042,1.0,0.37035838074440786,0.37035838074440786,0.5293667030706972,1,999,-0.3869735778030305,-1.021170439468744,0
21,1.0,50,1,1,0.5,1,0.0,0.14047280958379316,0.0,-0.29197512357891126,0.0,0.0,1,1000,-0.4916434681173728,-0.8067716247966619,0
21,2.0,50,1,2,0.5,1,1.0,-1.064138325608944,0.0,0.14047280958379316,0.0,0.0,1,1001,-0.4916434681173728,-0.8067716247966619,0
21,3.0,50,1,3,0.5,1,1.0,-0.9783344206006236,1.0,-1.064138325608944,-1.064138325608944,0.050000000000000044,1,1002,-0.4916434681173728,-0.8067716247966619,0
21,4.0,50,1,4,0.5,1,1.0,-0.8687046854977678,1.0,-0.9783344206006236,-0.9783344206006236,0.09750000000000009,1,1003,-0.4916434681173728,-0.8067716247966619,0
21,5.0,50,1,5,0.5,1,0.0,-0.25776329034710554,1.0,-0.8687046854977678,-0.8687046854977678,0.14262500000000014,1,1004,-0.4916434681173728,-0.8067716247966619,0
21,6.0,50,1,6,0.5,1,1.0,0.10702483634526704,0.0,-0.25776329034710554,-0.0,0.13549375000000013,1,1005,-0.4916434681173728,-0.8067716247966619,0
21,7.0,50,1,7,0.5,1,0.0,-0.887992329644608,1.0,0.10702483634526704,0.10702483634526704,0.17871906250000016,1,1006,-0.4916434681173728,-0.8067716247966619,0
21,8.0,50,1,8,0.5,1,0.0,-1.6094114842768241,0.0,-0.887992329644608,-0.0,0.16978310937500016,1,1007,-0.4916434681173728,-0.8067716247966619,0
21,9.0,50,1,9,0.5,1,1.0,-1.6889727154802812,0.0,-1.6094114842768241,-0.0,0.16129395390625015,1,1008,-0.4916434681173728,-0.8067716247966619,0
21,10.0,50,1,10,0.5,1,0.0,-1.16784655219268,1.0,-1.6889727154802812,-1.6889727154802812,0.20322925621093768,1,1009,-0.4916434681173728,-0.8067716247966619,0
21,11.0,50,1,11,0.5,1,0.0,-1.703193685956732,0.0,-1.16784655219268,-0.0,0.1930677934003908,1,1010,-0.4916434681173728,-0.8067716247966619,0
21,12.0,50,1,12,0.5,1,1.0,-0.4019709750331192,0.0,-1.703193685956732,-0.0,0.18341440373037124,1,1011,-0.4916434681173728,-0.8067716247966619,0
21,13.0,50,1,13,0.5,1,1.0,-0.005171197781681375,1.0,-0.4019709750331192,-0.4019709750331192,0.2242436835438527,1,1012,-0.4916434681173728,-0.8067716247966619,0
21,14.0,50,1,14,0.5,1,1.0,-0.38493034468297954,1.0,-0.005171197781681375,-0.005171197781681375,0.2630314993666601,1,1013,-0.4916434681173728,-0.8067716247966619,0
21,15.0,50,1,15,0.5,1,0.0,-0.18495030433860127,1.0,-0.38493034468297954,-0.38493034468297954,0.2998799243983271,1,1014,-0.4916434681173728,-0.8067716247966619,0
21,16.0,50,1,16,0.5,1,0.0,0.0712393787030203,0.0,-0.18495030433860127,-0.0,0.28488592817841074,1,1015,-0.4916434681173728,-0.8067716247966619,0
21,17.0,50,1,17,0.5,1,0.0,0.29117144136003054,0.0,0.0712393787030203,0.0,0.2706416317694902,1,1016,-0.4916434681173728,-0.8067716247966619,0
21,18.0,50,1,18,0.5,1,1.0,0.37524377625023864,0.0,0.29117144136003054,0.0,0.25710955018101567,1,1017,-0.4916434681173728,-0.8067716247966619,0
21,19.0,50,1,19,0.5,1,1.0,0.4294156292058769,1.0,0.37524377625023864,0.37524377625023864,0.2942540726719649,1,1018,-0.4916434681173728,-0.8067716247966619,0
21,20.0,50,1,20,0.5,1,0.0,-1.1092056629070817,1.0,0.4294156292058769,0.4294156292058769,0.32954136903836667,1,1019,-0.4916434681173728,-0.8067716247966619,0
21,21.0,50,1,21,0.5,1,0.0,-1.3603253124900778,0.0,-1.1092056629070817,-0.0,0.31306430058644835,1,1020,-0.4916434681173728,-0.8067716247966619,0
21,22.0,50,1,22,0.5,1,1.0,-0.724579480138168,0.0,-1.3603253124900778,-0.0,0.2974110855571259,1,1021,-0.4916434681173728,-0.8067716247966619,0
21,23.0,50,1,23,0.5,1,1.0,-0.36895527618789403,1.0,-0.724579480138168,-0.724579480138168,0.33254053127926964,1,1022,-0.4916434681173728,-0.8067716247966619,0
21,24.0,50,1,24,0.5,1,0.0,-0.32466106602994826,1.0,-0.36895527618789403,-0.36895527618789403,0.36591350471530615,1,1023,-0.4916434681173728,-0.8067716247966619,0
21,25.0,50,1,25,0.5,1,0.0,-0.8293814774601043,0.0,-0.32466106602994826,-0.0,0.3476178294795408,1,1024,-0.4916434681173728,-0.8067716247966619,0
21,26.0,50,1,26,0.5,1,0.0,-0.311773322898815,0.0,-0.8293814774601043,-0.0,0.3302369380055637,1,1025,-0.4916434681173728,-0.8067716247966619,0
21,27.0,50,1,27,0.5,1,0.0,-0.5693811964241342,0.0,-0.311773322898815,-0.0,0.3137250911052855,1,1026,-0.4916434681173728,-0.8067716247966619,0
21,28.0,50,1,28,0.5,1,0.0,-0.7030007471374954,0.0,-0.5693811964241342,-0.0,0.2980388365500212,1,1027,-0.4916434681173728,-0.8067716247966619,0
21,29.0,50,1,29,0.5,1,0.0,0.8139473466547802,0.0,-0.7030007471374954,-0.0,0.2831368947225202,1,1028,-0.4916434681173728,-0.8067716247966619,0
21,30.0,50,1,30,0.5,1,1.0,1.7734335723728303,0.0,0.8139473466547802,0.0,0.26898004998639413,1,1029,-0.4916434681173728,-0.8067716247966619,0
21,31.0,50,1,31,0.5,1,0.0,2.0848476982062523,1.0,1.7734335723728303,1.7734335723728303,0.30553104748707444,1,1030,-0.4916434681173728,-0.8067716247966619,0
21,32.0,50,1,32,0.5,1,1.0,0.4476557254180627,0.0,2.0848476982062523,0.0,0.29025449511272067,1,1031,-0.4916434681173728,-0.8067716247966619,0
21,33.0,50,1,33,0.5,1,0.0,0.13999566843296507,1.0,0.4476557254180627,0.4476557254180627,0.3257417703570846,1,1032,-0.4916434681173728,-0.8067716247966619,0
21,34.0,50,1,34,0.5,1,0.0,0.05134427123151339,0.0,0.13999566843296507,0.0,0.30945468183923036,1,1033,-0.4916434681173728,-0.8067716247966619,0
21,35.0,50,1,35,0.5,1,0.0,-0.2555008579461533,0.0,0.05134427123151339,0.0,0.2939819477472688,1,1034,-0.4916434681173728,-0.8067716247966619,0
21,36.0,50,1,36,0.5,1,0.0,-0.11720077582744114,0.0,-0.2555008579461533,-0.0,0.27928285035990535,1,1035,-0.4916434681173728,-0.8067716247966619,0
21,37.0,50,1,37,0.5,1,1.0,-0.1675342494698105,0.0,-0.11720077582744114,-0.0,0.2653187078419101,1,1036,-0.4916434681173728,-0.8067716247966619,0
21,38.0,50,1,38,0.5,1,1.0,-0.8892582853826485,1.0,-0.1675342494698105,-0.1675342494698105,0.30205277244981465,1,1037,-0.4916434681173728,-0.8067716247966619,0
21,39.0,50,1,39,0.5,1,1.0,-0.5271022095129151,1.0,-0.8892582853826485,-0.8892582853826485,0.33695013382732397,1,1038,-0.4916434681173728,-0.8067716247966619,0
21,40.0,50,1,40,0.5,1,1.0,-1.1301169737771601,1.0,-0.5271022095129151,-0.5271022095129151,0.3701026271359578,1,1039,-0.4916434681173728,-0.8067716247966619,0
21,41.0,50,1,41,0.5,1,0.0,-2.9814781101874464,1.0,-1.1301169737771601,-1.1301169737771601,0.40159749577916,1,1040,-0.4916434681173728,-0.8067716247966619,0
21,42.0,50,1,42,0.5,1,1.0,-1.9838770889452064,0.0,-2.9814781101874464,-0.0,0.381517620990202,1,1041,-0.4916434681173728,-0.8067716247966619,0
21,43.0,50,1,43,0.5,1,1.0,-1.871172241428377,1.0,-1.9838770889452064,-1.9838770889452064,0.41244173994069194,1,1042,-0.4916434681173728,-0.8067716247966619,0
21,44.0,50,1,44,0.5,1,1.0,-1.1343169828960504,1.0,-1.871172241428377,-1.871172241428377,0.4418196529436573,1,1043,-0.4916434681173728,-0.8067716247966619,0
21,45.0,50,1,45,0.5,1,1.0,-0.24200458922025891,1.0,-1.1343169828960504,-1.1343169828960504,0.46972867029647447,1,1044,-0.4916434681173728,-0.8067716247966619,0
21,46.0,50,1,46,0.5,1,0.0,-0.8448779049660882,1.0,-0.24200458922025891,-0.24200458922025891,0.4962422367816508,1,1045,-0.4916434681173728,-0.8067716247966619,0
21,47.0,50,1,47,0.5,1,1.0,0.21119484003325234,0.0,-0.8448779049660882,-0.0,0.47143012494256825,1,1046,-0.4916434681173728,-0.8067716247966619,0
21,48.0,50,1,48,0.5,1,0.0,-0.899302891310751,1.0,0.21119484003325234,0.21119484003325234,0.49785861869543985,1,1047,-0.4916434681173728,-0.8067716247966619,0
21,49.0,50,1,49,0.5,1,1.0,0.06708961080388409,0.0,-0.899302891310751,-0.0,0.47296568776066783,1,1048,-0.4916434681173728,-0.8067716247966619,0
21,50.0,50,1,50,0.5,1,0.0,-0.49295226906097966,1.0,0.06708961080388409,0.06708961080388409,0.4993174033726345,1,1049,-0.4916434681173728,-0.8067716247966619,0
22,1.0,50,1,1,0.5,1,1.0,-0.4177952390339996,0.0,0.12238288084271559,0.0,0.0,1,1050,-1.388457696493897,-0.3906963282868178,0
22,2.0,50,1,2,0.5,1,0.0,-1.3035985693653596,1.0,-0.4177952390339996,-0.4177952390339996,0.050000000000000044,1,1051,-1.388457696493897,-0.3906963282868178,0
22,3.0,50,1,3,0.5,1,0.0,-2.9538589094418155,0.0,-1.3035985693653596,-0.0,0.04750000000000004,1,1052,-1.388457696493897,-0.3906963282868178,0
22,4.0,50,1,4,0.5,1,0.0,-1.2509058315898494,0.0,-2.9538589094418155,-0.0,0.04512500000000004,1,1053,-1.388457696493897,-0.3906963282868178,0
22,5.0,50,1,5,0.5,1,1.0,-1.6010035006781012,0.0,-1.2509058315898494,-0.0,0.04286875000000004,1,1054,-1.388457696493897,-0.3906963282868178,0
22,6.0,50,1,6,0.5,1,1.0,-1.2849668891179944,1.0,-1.6010035006781012,-1.6010035006781012,0.09072531250000009,1,1055,-1.388457696493897,-0.3906963282868178,0
22,7.0,50,1,7,0.5,1,0.0,-1.1466572911927928,1.0,-1.2849668891179944,-1.2849668891179944,0.1361890468750001,1,1056,-1.388457696493897,-0.3906963282868178,0
22,8.0,50,1,8,0.5,1,1.0,-0.850716503072545,0.0,-1.1466572911927928,-0.0,0.12937959453125011,1,1057,-1.388457696493897,-0.3906963282868178,0
22,9.0,50,1,9,0.5,1,1.0,1.101741688369363,1.0,-0.850716503072545,-0.850716503072545,0.17291061480468767,1,1058,-1.388457696493897,-0.3906963282868178,0
22,10.0,50,1,10,0.5,1,0.0,0.6677451802832466,1.0,1.101741688369363,1.101741688369363,0.21426508406445333,1,1059,-1.388457696493897,-0.3906963282868178,0
22,11.0,50,1,11,0.5,1,1.0,0.14748194800057723,0.0,0.6677451802832466,0.0,0.20355182986123066,1,1060,-1.388457696493897,-0.3906963282868178,0
22,12.0,50,1,12,0.5,1,0.0,0.46278031986625323,1.0,0.14748194800057723,0.14748194800057723,0.24337423836816918,1,1061,-1.388457696493897,-0.3906963282868178,0
22,13.0,50,1,13,0.5,1,0.0,0.04723322722260759,0.0,0.46278031986625323,0.0,0.23120552644976072,1,1062,-1.388457696493897,-0.3906963282868178,0
22,14.0,50,1,14,0.5,1,1.0,0.8997463756183725,0.0,0.04723322722260759,0.0,0.21964525012727268,1,1063,-1.388457696493897,-0.3906963282868178,0
22,15.0,50,1,15,0.5,1,1.0,0.7557121243342305,1.0,0.8997463756183725,0.8997463756183725,0.2586629876209091,1,1064,-1.388457696493897,-0.3906963282868178,0
22,16.0,50,1,16,0.5,1,1.0,0.8867747865663586,1.0,0.7557121243342305,0.7557121243342305,0.2957298382398637,1,1065,-1.388457696493897,-0.3906963282868178,0
22,17.0,50,1,17,0.5,1,0.0,2.2666190471004484,1.0,0.8867747865663586,0.8867747865663586,0.3309433463278706,1,1066,-1.388457696493897,-0.3906963282868178,0
22,18.0,50,1,18,0.5,1,0.0,1.576424477872856,0.0,2.2666190471004484,0.0,0.31439617901147704,1,1067,-1.388457696493897,-0.3906963282868178,0
22,19.0,50,1,19,0.5,1,0.0,1.6860169086225127,0.0,1.576424477872856,0.0,0.2986763700609032,1,1068,-1.388457696493897,-0.3906963282868178,0
22,20.0,50,1,20,0.5,1,0.0,-0.01791586370041559,0.0,1.6860169086225127,0.0,0.28374255155785805,1,1069,-1.388457696493897,-0.3906963282868178,0
22,21.0,50,1,21,0.5,1,0.0,1.0882111278137234,0.0,-0.01791586370041559,-0.0,0.2695554239799651,1,1070,-1.388457696493897,-0.3906963282868178,0
22,22.0,50,1,22,0.5,1,1.0,0.5536783180791792,0.0,1.0882111278137234,0.0,0.25607765278096684,1,1071,-1.388457696493897,-0.3906963282868178,0
22,23.0,50,1,23,0.5,1,1.0,1.1534580226382976,1.0,0.5536783180791792,0.5536783180791792,0.2932737701419185,1,1072,-1.388457696493897,-0.3906963282868178,0
22,24.0,50,1,24,0.5,1,1.0,0.043420301526602964,1.0,1.1534580226382976,1.1534580226382976,0.32861008163482264,1,1073,-1.388457696493897,-0.3906963282868178,0
22,25.0,50,1,25,0.5,1,1.0,-0.03560327979420275,1.0,0.043420301526602964,0.043420301526602964,0.36217957755308156,1,1074,-1.388457696493897,-0.3906963282868178,0
22,26.0,50,1,26,0.5,1,1.0,-0.4675012337714646,1.0,-0.03560327979420275,-0.03560327979420275,0.3940705986754275,1,1075,-1.388457696493897,-0.3906963282868178,0
22,27.0,50,1,27,0.5,1,0.0,-0.48263819294510013,1.0,-0.4675012337714646,-0.4675012337714646,0.4243670687416561,1,1076,-1.388457696493897,-0.3906963282868178,0
22,28.0,50,1,28,0.5,1,1.0,-1.3108914430109124,0.0,-0.48263819294510013,-0.0,0.4031487153045733,1,1077,-1.388457696493897,-0.3906963282868178,0
22,29.0,50,1,29,0.5,1,0.0,-1.2805320089792043,1.0,-1.3108914430109124,-1.3108914430109124,0.4329912795393447,1,1078,-1.388457696493897,-0.3906963282868178,0
22,30.0,50,1,30,0.5,1,1.0,-0.18364210345318496,0.0,-1.2805320089792043,-0.0,0.4113417155623775,1,1079,-1.388457696493897,-0.3906963282868178,0
22,31.0,50,1,31,0.5,1,1.0,0.22798625775910217,1.0,-0.18364210345318496,-0.18364210345318496,0.4407746297842586,1,1080,-1.388457696493897,-0.3906963282868178,0
22,32.0,50,1,32,0.5,1,1.0,0.417914047745757,1.0,0.22798625775910217,0.22798625775910217,0.46873589829504564,1,1081,-1.388457696493897,-0.3906963282868178,0
22,33.0,50,1,33,0.5,1,0.0,-0.038356711305394725,1.0,0.417914047745757,0.417914047745757,0.49529910338029337,1,1082,-1.388457696493897,-0.3906963282868178,0
22,34.0,50,1,34,0.5,1,0.0,-0.5536846707397898,0.0,-0.038356711305394725,-0.0,0.47053414821127865,1,1083,-1.388457696493897,-0.3906963282868178,0
22,35.0,50,1,35,0.5,1,1.0,0.2893425866646871,0.0,-0.5536846707397898,-0.0,0.4470074408007147,1,1084,-1.388457696493897,-0.3906963282868178,0
22,36.0,50,1,36,0.5,1,0.0,-0.8454558992074638,1.0,0.2893425866646871,0.2893425866646871,0.47465706876067904,1,1085,-1.388457696493897,-0.3906963282868178,0
22,37.0,50,1,37,0.5,1,1.0,-1.0620134744192655,0.0,-0.8454558992074638,-0.0,0.4509242153226451,1,1086,-1.388457696493897,-0.3906963282868178,0
22,38.0,50,1,38,0.5,1,0.0,-1.5932235423499586,1.0,-1.0620134744192655,-1.0620134744192655,0.47837800455651286,1,1087,-1.388457696493897,-0.3906963282868178,0
22,39.0,50,1,39,0.5,1,0.0,-1.6727085801132848,0.0,-1.5932235423499586,-0.0,0.4544591043286872,1,1088,-1.388457696493897,-0.3906963282868178,0
22,40.0,50,1,40,0.5,1,1.0,-0.17347443661346967,0.0,-1.6727085801132848,-0.0,0.4317361491122528,1,1089,-1.388457696493897,-0.3906963282868178,0
22,41.0,50,1,41,0.5,1,0.0,-1.3822043457162978,1.0,-0.17347443661346967,-0.17347443661346967,0.4601493416566402,1,1090,-1.388457696493897,-0.3906963282868178,0
22,42.0,50,1,42,0.5,1,1.0,1.0263410333183378,0.0,-1.3822043457162978,-0.0,0.43714187457380815,1,1091,-1.388457696493897,-0.3906963282868178,0
22,43.0,50,1,43,0.5,1,1.0,1.2652091610899237,1.0,1.0263410333183378,1.0263410333183378,0.4652847808451178,1,1092,-1.388457696493897,-0.3906963282868178,0
22,44.0,50,1,44,0.5,1,0.0,0.03150490542400841,1.0,1.2652091610899237,1.2652091610899237,0.492020541802862,1,1093,-1.388457696493897,-0.3906963282868178,0
22,45.0,50,1,45,0.5,1,0.0,0.9502371026076614,0.0,0.03150490542400841,0.0,0.46741951471271886,1,1094,-1.388457696493897,-0.3906963282868178,0
22,46.0,50,1,46,0.5,1,1.0,1.372538881895637,0.0,0.9502371026076614,0.0,0.4440485389770829,1,1095,-1.388457696493897,-0.3906963282868178,0
22,47.0,50,1,47,0.5,1,1.0,1.4990242429692389,1.0,1.372538881895637,1.372538881895637,0.47184611202822874,1,1096,-1.388457696493897,-0.3906963282868178,0
22,48.0,50,1,48,0.5,1,0.0,0.9995749625390261,1.0,1.4990242429692389,1.4990242429692389,0.49825380642681727,1,1097,-1.388457696493897,-0.3906963282868178,0
22,49.0,50,1,49,0.5,1,0.0,0.29513373178574687,0.0,0.9995749625390261,0.0,0.4733411161054764,1,1098,-1.388457696493897,-0.3906963282868178,0
22,50.0,50,1,50,0.5,1,1.0,0.9882829063224494,0.0,0.29513373178574687,0.0,0.44967406030020257,1,1099,-1.388457696493897,-0.3906963282868178,0
23,1.0,50,1,1,0.5,1,0.0,0.5850946724928057,0.0,-0.17429171356283862,0.0,0.0,1,1100,-2.0661008215831984,-2.049798164316067,0
23,2.0,50,1,2,0.5,1,0.0,0.5277807765022787,0.0,0.5850946724928057,0.0,0.0,1,1101,-2.0661008215831984,-2.049798164316067,0
23,3.0,50,1,3,0.5,1,1.0,0.9368663924372053,0.0,0.5277807765022787,0.0,0.0,1,1102,-2.0661008215831984,-2.049798164316067,0
23,4.0,50,1,4,0.5,1,0.0,0.8862575691687397,1.0,0.9368663924372053,0.9368663924372053,0.050000000000000044,1,1103,-2.0661008215831984,-2.049798164316067,0
23,5.0,50,1,5,0.5,1,0.0,0.9185370631927149,0.0,0.8862575691687397,0.0,0.04750000000000004,1,1104,-2.0661008215831984,-2.049798164316067,0
23,6.0,50,1,6,0.5,1,0.0,1.6944851916970651,0.0,0.9185370631927149,0.0,0.04512500000000004,1,1105,-2.0661008215831984,-2.049798164316067,0
23,7.0,50,1,7,0.5,1,1.0,1.6305782062901248,0.0,1.6944851916970651,0.0,0.04286875000000004,1,1106,-2.0661008215831984,-2.049798164316067,0
23,8.0,50,1,8,0.5,1,0.0,0.9518069694072763,1.0,1.6305782062901248,1.6305782062901248,0.09072531250000009,1,1107,-2.0661008215831984,-2.049798164316067,0
23,9.0,50,1,9,0.5,1,0.0,0.8159213053066064,0.0,0.9518069694072763,0.0,0.08618904687500008,1,1108,-2.0661008215831984,-2.049798164316067,0
23,10.0,50,1,10,0.5,1,0.0,0.3495947965734697,0.0,0.8159213053066064,0.0,0.08187959453125007,1,1109,-2.0661008215831984,-2.049798164316067,0
23,11.0,50,1,11,0.5,1,1.0,0.8435961343048243,0.0,0.3495947965734697,0.0,0.07778561480468757,1,1110,-2.0661008215831984,-2.049798164316067,0
23,12.0,50,1,12,0.5,1,1.0,-0.26937685578824294,1.0,0.8435961343048243,0.8435961343048243,0.12389633406445325,1,1111,-2.0661008215831984,-2.049798164316067,0
23,13.0,50,1,13,0.5,1,0.0,-1.205549493701783,1.0,-0.26937685578824294,-0.26937685578824294,0.16770151736123062,1,1112,-2.0661008215831984,-2.049798164316067,0
23,14.0,50,1,14,0.5,1,1.0,-1.9722157806930711,0.0,-1.205549493701783,-0.0,0.1593164414931691,1,1113,-2.0661008215831984,-2.049798164316067,0
23,15.0,50,1,15,0.5,1,1.0,-1.6580716495122803,1.0,-1.9722157806930711,-1.9722157806930711,0.20135061941851068,1,1114,-2.0661008215831984,-2.049798164316067,0
23,16.0,50,1,16,0.5,1,0.0,-1.969067912031111,1.0,-1.6580716495122803,-1.6580716495122803,0.24128308844758517,1,1115,-2.0661008215831984,-2.049798164316067,0
23,17.0,50,1,17,0.5,1,1.0,-1.2837938159506062,0.0,-1.969067912031111,-0.0,0.22921893402520588,1,1116,-2.0661008215831984,-2.049798164316067,0
23,18.0,50,1,18,0.5,1,0.0,-1.2895206680539637,1.0,-1.2837938159506062,-1.2837938159506062,0.2677579873239456,1,1117,-2.0661008215831984,-2.049798164316067,0
23,19.0,50,1,19,0.5,1,1.0,-1.71893131364745,0.0,-1.2895206680539637,-0.0,0.2543700879577483,1,1118,-2.0661008215831984,-2.049798164316067,0
23,20.0,50,1,20,0.5,1,1.0,-1.7353338362343058,1.0,-1.71893131364745,-1.71893131364745,0.2916515835598609,1,1119,-2.0661008215831984,-2.049798164316067,0
23,21.0,50,1,21,0.5,1,1.0,-0.6085113990980473,1.0,-1.7353338362343058,-1.7353338362343058,0.3270690043818679,1,1120,-2.0661008215831984,-2.049798164316067,0
23,22.0,50,1,22,0.5,1,0.0,-0.19142992087532848,1.0,-0.6085113990980473,-0.6085113990980473,0.36071555416277457,1,1121,-2.0661008215831984,-2.049798164316067,0
23,23.0,50,1,23,0.5,1,0.0,0.06178045440966301,0.0,-0.19142992087532848,-0.0,0.3426797764546358,1,1122,-2.0661008215831984,-2.049798164316067,0
23,24.0,50,1,24,0.5,1,0.0,0.1546897335555184,0.0,0.06178045440966301,0.0,0.325545787631904,1,1123,-2.0661008215831984,-2.049798164316067,0
23,25.0,50,1,25,0.5,1,0.0,0.6377742741586382,0.0,0.1546897335555184,0.0,0.30926849825030883,1,1124,-2.0661008215831984,-2.049798164316067,0
23,26.0,50,1,26,0.5,1,1.0,2.0782253866152303,0.0,0.6377742741586382,0.0,0.2938050733377934,1,1125,-2.0661008215831984,-2.049798164316067,0
23,27.0,50,1,27,0.5,1,0.0,1.5111077609200083,1.0,2.0782253866152303,2.0782253866152303,0.3291148196709037,1,1126,-2.0661008215831984,-2.049798164316067,0
23,28.0,50,1,28,0.5,1,1.0,2.3979013859355014,0.0,1.5111077609200083,0.0,0.31265907868735854,1,1127,-2.0661008215831984,-2.049798164316067,0
23,29.0,50,1,29,0.5,1,1.0,2.6492822311568545,1.0,2.3979013859355014,2.3979013859355014,0.34702612475299066,1,1128,-2.0661008215831984,-2.049798164316067,0
23,30.0,50,1,30,0.5,1,0.0,1.7888863923912997,1.0,2.6492822311568545,2.6492822311568545,0.37967481851534113,1,1129,-2.0661008215831984,-2.049798164316067,0
23,31.0,50,1,31,0.5,1,0.0,0.9597004364960783,0.0,1.7888863923912997,0.0,0.3606910775895741,1,1130,-2.0661008215831984,-2.049798164316067,0
23,32.0,50,1,32,0.5,1,0.0,0.09128273371571027,0.0,0.9597004364960783,0.0,0.34265652371009536,1,1131,-2.0661008215831984,-2.049798164316067,0
23,33.0,50,1,33,0.5,1,0.0,0.1730188089786726,0.0,0.09128273371571027,0.0,0.32552369752459054,1,1132,-2.0661008215831984,-2.049798164316067,0
23,34.0,50,1,34,0.5,1,0.0,0.5308598572328853,0.0,0.1730188089786726,0.0,0.309247512648361,1,1133,-2.0661008215831984,-2.049798164316067,0
23,35.0,50,1,35,0.5,1,1.0,0.2547324562698125,0.0,0.5308598572328853,0.0,0.2937851370159429,1,1134,-2.0661008215831984,-2.049798164316067,0
23,36.0,50,1,36,0.5,1,0.0,-0.5795575131486527,1.0,0.2547324562698125,0.2547324562698125,0.3290958801651458,1,1135,-2.0661008215831984,-2.049798164316067,0
23,37.0,50,1,37,0.5,1,0.0,-1.1894127592457107,0.0,-0.5795575131486527,-0.0,0.31264108615688846,1,1136,-2.0661008215831984,-2.049798164316067,0
23,38.0,50,1,38,0.5,1,1.0,-0.7832725022693435,0.0,-1.1894127592457107,-0.0,0.29700903184904404,1,1137,-2.0661008215831984,-2.049798164316067,0
23,39.0,50,1,39,0.5,1,0.0,-1.0289267834211433,1.0,-0.7832725022693435,-0.7832725022693435,0.3321585802565919,1,1138,-2.0661008215831984,-2.049798164316067,0
23,40.0,50,1,40,0.5,1,1.0,0.3520853571707243,0.0,-1.0289267834211433,-0.0,0.3155506512437623,1,1139,-2.0661008215831984,-2.049798164316067,0
23,41.0,50,1,41,0.5,1,0.0,-1.1536472364569303,1.0,0.3520853571707243,0.3520853571707243,0.34977311868157424,1,1140,-2.0661008215831984,-2.049798164316067,0
23,42.0,50,1,42,0.5,1,1.0,0.10126819347982899,0.0,-1.1536472364569303,-0.0,0.3322844627474955,1,1141,-2.0661008215831984,-2.049798164316067,0
23,43.0,50,1,43,0.5,1,0.0,-1.1888051004343372,1.0,0.10126819347982899,0.10126819347982899,0.36567023961012074,1,1142,-2.0661008215831984,-2.049798164316067,0
23,44.0,50,1,44,0.5,1,0.0,-1.2023053895106988,0.0,-1.1888051004343372,-0.0,0.34738672762961464,1,1143,-2.0661008215831984,-2.049798164316067,0
23,45.0,50,1,45,0.5,1,1.0,-1.0599778155044768,0.0,-1.2023053895106988,-0.0,0.3300173912481339,1,1144,-2.0661008215831984,-2.049798164316067,0
23,46.0,50,1,46,0.5,1,0.0,-0.7082663468688702,1.0,-1.0599778155044768,-1.0599778155044768,0.36351652168572723,1,1145,-2.0661008215831984,-2.049798164316067,0
23,47.0,50,1,47,0.5,1,1.0,-0.029703392164322294,0.0,-0.7082663468688702,-0.0,0.3453406956014409,1,1146,-2.0661008215831984,-2.049798164316067,0
23,48.0,50,1,48,0.5,1,1.0,1.0052012978624294,1.0,-0.029703392164322294,-0.029703392164322294,0.37807366082136884,1,1147,-2.0661008215831984,-2.049798164316067,0
23,49.0,50,1,49,0.5,1,0.0,1.0408350936599353,1.0,1.0052012978624294,1.0052012978624294,0.40916997778030045,1,1148,-2.0661008215831984,-2.049798164316067,0
23,50.0,50,1,50,0.5,1,0.0,-0.014225451964052005,0.0,1.0408350936599353,0.0,0.3887114788912854,1,1149,-2.0661008215831984,-2.049798164316067,0
24,1.0,50,1,1,0.5,1,0.0,0.8317828727453703,0.0,-0.994433191483004,0.0,0.0,1,1150,-0.06588177129830108,-0.812674017587883,0
24,2.0,50,1,2,0.5,1,0.0,-0.2283668587642866,0.0,0.8317828727453703,0.0,0.0,1,1151,-0.06588177129830108,-0.812674017587883,0
24,3.0,50,1,3,0.5,1,0.0,0.1688973693037791,0.0,-0.2283668587642866,-0.0,0.0,1,1152,-0.06588177129830108,-0.812674017587883,0
24,4.0,50,1,4,0.5,1,1.0,0.03580983177559509,0.0,0.1688973693037791,0.0,0.0,1,1153,-0.06588177129830108,-0.812674017587883,0
24,5.0,50,1,5,0.5,1,0.0,-0.4548437160672023,1.0,0.03580983177559509,0.03580983177559509,0.050000000000000044,1,1154,-0.06588177129830108,-0.812674017587883,0
24,6.0,50,1,6,0.5,1,1.0,-1.2557565636767478,0.0,-0.4548437160672023,-0.0,0.04750000000000004,1,1155,-0.06588177129830108,-0.812674017587883,0
24,7.0,50,1,7,0.5,1,1.0,0.1379767414621,1.0,-1.2557565636767478,-1.2557565636767478,0.09512500000000007,1,1156,-0.06588177129830108,-0.812674017587883,0
24,8.0,50,1,8,0.5,1,1.0,0.9458853415499495,1.0,0.1379767414621,0.1379767414621,0.1403687500000001,1,1157,-0.06588177129830108,-0.812674017587883,0
24,9.0,50,1,9,0.5,1,1.0,0.39281074183458387,1.0,0.9458853415499495,0.9458853415499495,0.18335031250000014,1,1158,-0.06588177129830108,-0.812674017587883,0
24,10.0,50,1,10,0.5,1,1.0,0.41560762841065924,1.0,0.39281074183458387,0.39281074183458387,0.2241827968750002,1,1159,-0.06588177129830108,-0.812674017587883,0
24,11.0,50,1,11,0.5,1,0.0,0.38731493381803306,1.0,0.41560762841065924,0.41560762841065924,0.2629736570312502,1,1160,-0.06588177129830108,-0.812674017587883,0
24,12.0,50,1,12,0.5,1,0.0,0.6652940571242135,0.0,0.38731493381803306,0.0,0.2498249741796877,1,1161,-0.06588177129830108,-0.812674017587883,0
24,13.0,50,1,13,0.5,1,0.0,1.3617192866546837,0.0,0.6652940571242135,0.0,0.2373337254707033,1,1162,-0.06588177129830108,-0.812674017587883,0
24,14.0,50,1,14,0.5,1,1.0,1.6846195401446364,0.0,1.3617192866546837,0.0,0.22546703919716815,1,1163,-0.06588177129830108,-0.812674017587883,0
24,15.0,50,1,15,0.5,1,0.0,1.3031588560124299,1.0,1.6846195401446364,1.6846195401446364,0.2641936872373098,1,1164,-0.06588177129830108,-0.812674017587883,0
24,16.0,50,1,16,0.5,1,0.0,0.030716817966282783,0.0,1.3031588560124299,0.0,0.2509840028754443,1,1165,-0.06588177129830108,-0.812674017587883,0
24,17.0,50,1,17,0.5,1,1.0,1.0438555533730351,0.0,0.030716817966282783,0.0,0.23843480273167209,1,1166,-0.06588177129830108,-0.812674017587883,0
24,18.0,50,1,18,0.5,1,1.0,1.9714475859170344,1.0,1.0438555533730351,1.0438555533730351,0.2765130625950885,1,1167,-0.06588177129830108,-0.812674017587883,0
24,19.0,50,1,19,0.5,1,1.0,0.8617420420101374,1.0,1.9714475859170344,1.9714475859170344,0.31268740946533413,1,1168,-0.06588177129830108,-0.812674017587883,0
24,20.0,50,1,20,0.5,1,0.0,0.47483760986484436,1.0,0.8617420420101374,0.8617420420101374,0.34705303899206746,1,1169,-0.06588177129830108,-0.812674017587883,0
24,21.0,50,1,21,0.5,1,1.0,1.7547455537012888,0.0,0.47483760986484436,0.0,0.32970038704246407,1,1170,-0.06588177129830108,-0.812674017587883,0
24,22.0,50,1,22,0.5,1,1.0,1.3835934125445652,1.0,1.7547455537012888,1.7547455537012888,0.3632153676903409,1,1171,-0.06588177129830108,-0.812674017587883,0
24,23.0,50,1,23,0.5,1,0.0,-0.27592533245617434,1.0,1.3835934125445652,1.3835934125445652,0.3950545993058239,1,1172,-0.06588177129830108,-0.812674017587883,0
24,24.0,50,1,24,0.5,1,0.0,0.5868471907999739,0.0,-0.27592533245617434,-0.0,0.37530186934053267,1,1173,-0.06588177129830108,-0.812674017587883,0
24,25.0,50,1,25,0.5,1,1.0,0.5883633357706619,0.0,0.5868471907999739,0.0,0.356536775873506,1,1174,-0.06588177129830108,-0.812674017587883,0
24,26.0,50,1,26,0.5,1,0.0,-0.46805098199282846,1.0,0.5883633357706619,0.5883633357706619,0.38870993707983076,1,1175,-0.06588177129830108,-0.812674017587883,0
24,27.0,50,1,27,0.5,1,1.0,0.14614902477681038,0.0,-0.46805098199282846,-0.0,0.3692744402258392,1,1176,-0.06588177129830108,-0.812674017587883,0
24,28.0,50,1,28,0.5,1,0.0,-0.7490961288056452,1.0,0.14614902477681038,0.14614902477681038,0.4008107182145473,1,1177,-0.06588177129830108,-0.812674017587883,0
24,29.0,50,1,29,0.5,1,1.0,-0.7435918303608948,0.0,-0.7490961288056452,-0.0,0.38077018230381987,1,1178,-0.06588177129830108,-0.812674017587883,0
24,30.0,50,1,30,0.5,1,0.0,-1.1710314990669894,1.0,-0.7435918303608948,-0.7435918303608948,0.4117316731886289,1,1179,-0.06588177129830108,-0.812674017587883,0
24,31.0,50,1,31,0.5,1,1.0,-1.0889624857518305,0.0,-1.1710314990669894,-0.0,0.39114508952919746,1,1180,-0.06588177129830108,-0.812674017587883,0
24,32.0,50,1,32,0.5,1,0.0,-1.39974770030891,1.0,-1.0889624857518305,-1.0889624857518305,0.4215878350527376,1,1181,-0.06588177129830108,-0.812674017587883,0
24,33.0,50,1,33,0.5,1,0.0,-0.636450083432372,0.0,-1.39974770030891,-0.0,0.40050844330010077,1,1182,-0.06588177129830108,-0.812674017587883,0
24,34.0,50,1,34,0.5,1,1.0,0.8054441660182279,0.0,-0.636450083432372,-0.0,0.3804830211350957,1,1183,-0.06588177129830108,-0.812674017587883,0
24,35.0,50,1,35,0.5,1,1.0,0.7866419851095259,1.0,0.8054441660182279,0.8054441660182279,0.411458870078341,1,1184,-0.06588177129830108,-0.812674017587883,0
24,36.0,50,1,36,0.5,1,1.0,2.357813235181025,1.0,0.7866419851095259,0.7866419851095259,0.4408859265744239,1,1185,-0.06588177129830108,-0.812674017587883,0
24,37.0,50,1,37,0.5,1,0.0,2.4302156659947545,1.0,2.357813235181025,2.357813235181025,0.46884163024570275,1,1186,-0.06588177129830108,-0.812674017587883,0
24,38.0,50,1,38,0.5,1,0.0,1.0243026212016193,0.0,2.4302156659947545,0.0,0.4453995487334176,1,1187,-0.06588177129830108,-0.812674017587883,0
24,39.0,50,1,39,0.5,1,1.0,1.1684351316255852,0.0,1.0243026212016193,0.0,0.42312957129674666,1,1188,-0.06588177129830108,-0.812674017587883,0
24,40.0,50,1,40,0.5,1,1.0,0.7570780942656354,1.0,1.1684351316255852,1.1684351316255852,0.4519730927319094,1,1189,-0.06588177129830108,-0.812674017587883,0
24,41.0,50,1,41,0.5,1,0.0,-0.2687302631232668,1.0,0.7570780942656354,0.7570780942656354,0.47937443809531394,1,1190,-0.06588177129830108,-0.812674017587883,0
24,42.0,50,1,42,0.5,1,0.0,-0.29655181269043884,0.0,-0.2687302631232668,-0.0,0.45540571619054815,1,1191,-0.06588177129830108,-0.812674017587883,0
24,43.0,50,1,43,0.5,1,0.0,-1.4386187155855754,0.0,-0.29655181269043884,-0.0,0.4326354303810207,1,1192,-0.06588177129830108,-0.812674017587883,0
24,44.0,50,1,44,0.5,1,1.0,-1.5258081502125633,0.0,-1.4386187155855754,-0.0,0.4110036588619696,1,1193,-0.06588177129830108,-0.812674017587883,0
24,45.0,50,1,45,0.5,1,0.0,-1.1041055666485897,1.0,-1.5258081502125633,-1.5258081502125633,0.44045347591887113,1,1194,-0.06588177129830108,-0.812674017587883,0
24,46.0,50,1,46,0.5,1,1.0,-0.4587392426098668,0.0,-1.1041055666485897,-0.0,0.4184308021229276,1,1195,-0.06588177129830108,-0.812674017587883,0
24,47.0,50,1,47,0.5,1,0.0,0.3366311069426662,1.0,-0.4587392426098668,-0.4587392426098668,0.44750926201678126,1,1196,-0.06588177129830108,-0.812674017587883,0
24,48.0,50,1,48,0.5,1,0.0,0.610422992922458,0.0,0.3366311069426662,0.0,0.42513379891594216,1,1197,-0.06588177129830108,-0.812674017587883,0
24,49.0,50,1,49,0.5,1,0.0,0.3726069472509832,0.0,0.610422992922458,0.0,0.40387710897014506,1,1198,-0.06588177129830108,-0.812674017587883,0
24,50.0,50,1,50,0.5,1,0.0,-0.37646176279599053,0.0,0.3726069472509832,0.0,0.3836832535216378,1,1199,-0.06588177129830108,-0.812674017587883,0
25,1.0,50,1,1,0.5,1,1.0,-2.0639594484802513,0.0,-0.13169262814645633,0.0,0.0,1,1200,0.49762293854158235,0.2741549097812294,0
25,2.0,50,1,2,0.5,1,1.0,-1.2207188122950465,1.0,-2.0639594484802513,-2.0639594484802513,0.050000000000000044,1,1201,0.49762293854158235,0.2741549097812294,0
25,3.0,50,1,3,0.5,1,0.0,0.09532093017658873,1.0,-1.2207188122950465,-1.2207188122950465,0.09750000000000009,1,1202,0.49762293854158235,0.2741549097812294,0
25,4.0,50,1,4,0.5,1,0.0,-0.5710574318349285,0.0,0.09532093017658873,0.0,0.09262500000000007,1,1203,0.49762293854158235,0.2741549097812294,0
25,5.0,50,1,5,0.5,1,0.0,0.33302357697664053,0.0,-0.5710574318349285,-0.0,0.08799375000000006,1,1204,0.49762293854158235,0.2741549097812294,0
25,6.0,50,1,6,0.5,1,0.0,0.305493895476213,0.0,0.33302357697664053,0.0,0.08359406250000007,1,1205,0.49762293854158235,0.2741549097812294,0
25,7.0,50,1,7,0.5,1,0.0,0.20659470188840356,0.0,0.305493895476213,0.0,0.07941435937500006,1,1206,0.49762293854158235,0.2741549097812294,0
25,8.0,50,1,8,0.5,1,0.0,-0.29616068038729126,0.0,0.20659470188840356,0.0,0.07544364140625005,1,1207,0.49762293854158235,0.2741549097812294,0
25,9.0,50,1,9,0.5,1,1.0,-0.26011544968216666,0.0,-0.29616068038729126,-0.0,0.07167145933593755,1,1208,0.49762293854158235,0.2741549097812294,0
25,10.0,50,1,10,0.5,1,1.0,0.032337991748886546,1.0,-0.26011544968216666,-0.26011544968216666,0.11808788636914071,1,1209,0.49762293854158235,0.2741549097812294,0
25,11.0,50,1,11,0.5,1,0.0,0.34974575210015446,1.0,0.032337991748886546,0.032337991748886546,0.16218349205068372,1,1210,0.49762293854158235,0.2741549097812294,0
25,12.0,50,1,12,0.5,1,0.0,0.5527518937269226,0.0,0.34974575210015446,0.0,0.15407431744814953,1,1211,0.49762293854158235,0.2741549097812294,0
25,13.0,50,1,13,0.5,1,1.0,0.0639745952597627,0.0,0.5527518937269226,0.0,0.14637060157574203,1,1212,0.49762293854158235,0.2741549097812294,0
25,14.0,50,1,14,0.5,1,1.0,0.7845325630559424,1.0,0.0639745952597627,0.0639745952597627,0.18905207149695497,1,1213,0.49762293854158235,0.2741549097812294,0
25,15.0,50,1,15,0.5,1,1.0,0.4188787028950761,1.0,0.7845325630559424,0.7845325630559424,0.22959946792210728,1,1214,0.49762293854158235,0.2741549097812294,0
25,16.0,50,1,16,0.5,1,1.0,-0.05083333241949767,1.0,0.4188787028950761,0.4188787028950761,0.2681194945260019,1,1215,0.49762293854158235,0.2741549097812294,0
25,17.0,50,1,17,0.5,1,1.0,0.33086565439104315,1.0,-0.05083333241949767,-0.05083333241949767,0.30471351979970185,1,1216,0.49762293854158235,0.2741549097812294,0
25,18.0,50,1,18,0.5,1,0.0,0.05610766622285688,1.0,0.33086565439104315,0.33086565439104315,0.3394778438097168,1,1217,0.49762293854158235,0.2741549097812294,0
25,19.0,50,1,19,0.5,1,0.0,-0.5840270625680556,0.0,0.05610766622285688,0.0,0.32250395161923096,1,1218,0.49762293854158235,0.2741549097812294,0
25,20.0,50,1,20,0.5,1,1.0,0.03975228635498229,0.0,-0.5840270625680556,-0.0,0.30637875403826936,1,1219,0.49762293854158235,0.2741549097812294,0
25,21.0,50,1,21,0.5,1,0.0,0.017801205837368266,1.0,0.03975228635498229,0.03975228635498229,0.3410598163363559,1,1220,0.49762293854158235,0.2741549097812294,0
25,22.0,50,1,22,0.5,1,1.0,0.042232760296927574,0.0,0.017801205837368266,0.0,0.3240068255195381,1,1221,0.49762293854158235,0.2741549097812294,0
25,23.0,50,1,23,0.5,1,1.0,-1.05392264851444,1.0,0.042232760296927574,0.042232760296927574,0.3578064842435612,1,1222,0.49762293854158235,0.2741549097812294,0
25,24.0,50,1,24,0.5,1,1.0,-0.424015737011317,1.0,-1.05392264851444,-1.05392264851444,0.3899161600313832,1,1223,0.49762293854158235,0.2741549097812294,0
25,25.0,50,1,25,0.5,1,0.0,0.2410597041861822,1.0,-0.424015737011317,-0.424015737011317,0.42042035202981404,1,1224,0.49762293854158235,0.2741549097812294,0
25,26.0,50,1,26,0.5,1,0.0,-1.2901505606896169,0.0,0.2410597041861822,0.0,0.3993993344283233,1,1225,0.49762293854158235,0.2741549097812294,0
25,27.0,50,1,27,0.5,1,1.0,-0.6711089315972745,0.0,-1.2901505606896169,-0.0,0.37942936770690716,1,1226,0.49762293854158235,0.2741549097812294,0
25,28.0,50,1,28,0.5,1,0.0,1.0057077718939644,1.0,-0.6711089315972745,-0.6711089315972745,0.41045789932156185,1,1227,0.49762293854158235,0.2741549097812294,0
25,29.0,50,1,29,0.5,1,1.0,0.729472952124546,0.0,1.0057077718939644,0.0,0.3899350043554837,1,1228,0.49762293854158235,0.2741549097812294,0
25,30.0,50,1,30,0.5,1,1.0,1.9417345430303246,1.0,0.729472952124546,0.729472952124546,0.4204382541377095,1,1229,0.49762293854158235,0.2741549097812294,0
25,31.0,50,1,31,0.5,1,0.0,2.0948805670120514,1.0,1.9417345430303246,1.9417345430303246,0.449416341430824,1,1230,0.49762293854158235,0.2741549097812294,0
25,32.0,50,1,32,0.5,1,0.0,0.6617558292434393,0.0,2.0948805670120514,0.0,0.4269455243592828,1,1231,0.49762293854158235,0.2741549097812294,0
25,33.0,50,1,33,0.5,1,1.0,0.27033793922776433,0.0,0.6617558292434393,0.0,0.4055982481413186,1,1232,0.49762293854158235,0.2741549097812294,0
25,34.0,50,1,34,0.5,1,1.0,0.604419612370793,1.0,0.27033793922776433,0.27033793922776433,0.4353183357342527,1,1233,0.49762293854158235,0.2741549097812294,0
25,35.0,50,1,35,0.5,1,1.0,0.7863411167856229,1.0,0.604419612370793,0.604419612370793,0.4635524189475401,1,1234,0.49762293854158235,0.2741549097812294,0
25,36.0,50,1,36,0.5,1,0.0,0.12910893995426048,1.0,0.7863411167856229,0.7863411167856229,0.4903747980001632,1,1235,0.49762293854158235,0.2741549097812294,0
25,37.0,50,1,37,0.5,1,1.0,0.5019351240965693,0.0,0.12910893995426048,0.0,0.465856058100155,1,1236,0.49762293854158235,0.2741549097812294,0
25,38.0,50,1,38,0.5,1,1.0,0.5694777766530402,1.0,0.5019351240965693,0.5019351240965693,0.4925632551951473,1,1237,0.49762293854158235,0.2741549097812294,0
25,39.0,50,1,39,0.5,1,1.0,1.3170724529924087,1.0,0.5694777766530402,0.5694777766530402,0.5179350924353899,1,1238,0.49762293854158235,0.2741549097812294,0
25,40.0,50,1,40,0.5,1,0.0,-0.02077299238035782,1.0,1.3170724529924087,1.3170724529924087,0.5420383378136204,1,1239,0.49762293854158235,0.2741549097812294,0
25,41.0,50,1,41,0.5,1,1.0,0.528307280063493,0.0,-0.02077299238035782,-0.0,0.5149364209229395,1,1240,0.49762293854158235,0.2741549097812294,0
25,42.0,50,1,42,0.5,1,1.0,0.912219340459292,1.0,0.528307280063493,0.528307280063493,0.5391895998767925,1,1241,0.49762293854158235,0.2741549097812294,0
25,43.0,50,1,43,0.5,1,0.0,0.2721062546057228,1.0,0.912219340459292,0.912219340459292,0.5622301198829529,1,1242,0.49762293854158235,0.2741549097812294,0
25,44.0,50,1,44,0.5,1,0.0,-0.09018391809195439,0.0,0.2721062546057228,0.0,0.5341186138888052,1,1243,0.49762293854158235,0.2741549097812294,0
25,45.0,50,1,45,0.5,1,1.0,-0.2704916687707516,0.0,-0.09018391809195439,-0.0,0.5074126831943649,1,1244,0.49762293854158235,0.2741549097812294,0
25,46.0,50,1,46,0.5,1,1.0,0.6167028549657546,1.0,-0.2704916687707516,-0.2704916687707516,0.5320420490346467,1,1245,0.49762293854158235,0.2741549097812294,0
25,47.0,50,1,47,0.5,1,1.0,1.958463495736407,1.0,0.6167028549657546,0.6167028549657546,0.5554399465829144,1,1246,0.49762293854158235,0.2741549097812294,0
25,48.0,50,1,48,0.5,1,0.0,0.4172950299175212,1.0,1.958463495736407,1.958463495736407,0.5776679492537687,1,1247,0.49762293854158235,0.2741549097812294,0
25,49.0,50,1,49,0.5,1,1.0,1.222429441746511,0.0,0.4172950299175212,0.0,0.5487845517910803,1,1248,0.49762293854158235,0.2741549097812294,0
25,50.0,50,1,50,0.5,1,0.0,0.7712494354422382,1.0,1.222429441746511,1.222429441746511,0.5713453242015263,1,1249,0.49762293854158235,0.2741549097812294,0
26,1.0,50,1,1,0.5,1,0.0,0.07926773224987259,0.0,-0.6410545960200769,0.0,0.0,1,1250,1.1376320799866468,-0.271348514702862,0
26,2.0,50,1,2,0.5,1,0.0,-0.459526223270969,0.0,0.07926773224987259,0.0,0.0,1,1251,1.1376320799866468,-0.271348514702862,0
26,3.0,50,1,3,0.5,1,1.0,-0.03316743907799111,0.0,-0.459526223270969,-0.0,0.0,1,1252,1.1376320799866468,-0.271348514702862,0
26,4.0,50,1,4,0.5,1,1.0,0.048496355744947636,1.0,-0.03316743907799111,-0.03316743907799111,0.050000000000000044,1,1253,1.1376320799866468,-0.271348514702862,0
26,5.0,50,1,5,0.5,1,0.0,-1.1117646838619575,1.0,0.048496355744947636,0.048496355744947636,0.09750000000000009,1,1254,1.1376320799866468,-0.271348514702862,0
26,6.0,50,1,6,0.5,1,0.0,-1.5867755982964131,0.0,-1.1117646838619575,-0.0,0.09262500000000007,1,1255,1.1376320799866468,-0.271348514702862,0
26,7.0,50,1,7,0.5,1,1.0,-0.7974483105939703,0.0,-1.5867755982964131,-0.0,0.08799375000000006,1,1256,1.1376320799866468,-0.271348514702862,0
26,8.0,50,1,8,0.5,1,0.0,-1.4767694660619743,1.0,-0.7974483105939703,-0.7974483105939703,0.1335940625000001,1,1257,1.1376320799866468,-0.271348514702862,0
26,9.0,50,1,9,0.5,1,1.0,-0.18161277089096445,0.0,-1.4767694660619743,-0.0,0.12691435937500012,1,1258,1.1376320799866468,-0.271348514702862,0
26,10.0,50,1,10,0.5,1,1.0,-0.16581068843673735,1.0,-0.18161277089096445,-0.18161277089096445,0.17056864140625017,1,1259,1.1376320799866468,-0.271348514702862,0
26,11.0,50,1,11,0.5,1,1.0,0.333538608555856,1.0,-0.16581068843673735,-0.16581068843673735,0.21204020933593767,1,1260,1.1376320799866468,-0.271348514702862,0
26,12.0,50,1,12,0.5,1,0.0,-1.0039592196238403,1.0,0.333538608555856,0.333538608555856,0.2514381988691408,1,1261,1.1376320799866468,-0.271348514702862,0
26,13.0,50,1,13,0.5,1,1.0,-0.3219333076612178,0.0,-1.0039592196238403,-0.0,0.23886628892568373,1,1262,1.1376320799866468,-0.271348514702862,0
26,14.0,50,1,14,0.5,1,1.0,-1.0710659348423701,1.0,-0.3219333076612178,-0.3219333076612178,0.27692297447939956,1,1263,1.1376320799866468,-0.271348514702862,0
26,15.0,50,1,15,0.5,1,0.0,0.034408233110508495,1.0,-1.0710659348423701,-1.0710659348423701,0.3130768257554296,1,1264,1.1376320799866468,-0.271348514702862,0
26,16.0,50,1,16,0.5,1,1.0,0.9987760886504577,0.0,0.034408233110508495,0.0,0.29742298446765814,1,1265,1.1376320799866468,-0.271348514702862,0
26,17.0,50,1,17,0.5,1,0.0,1.2512640628432934,1.0,0.9987760886504577,0.9987760886504577,0.3325518352442753,1,1266,1.1376320799866468,-0.271348514702862,0
26,18.0,50,1,18,0.5,1,1.0,0.900327565697616,0.0,1.2512640628432934,0.0,0.3159242434820615,1,1267,1.1376320799866468,-0.271348514702862,0
26,19.0,50,1,19,0.5,1,1.0,1.5934440020706755,1.0,0.900327565697616,0.900327565697616,0.35012803130795844,1,1268,1.1376320799866468,-0.271348514702862,0
26,20.0,50,1,20,0.5,1,1.0,1.228829447449687,1.0,1.5934440020706755,1.5934440020706755,0.38262162974256053,1,1269,1.1376320799866468,-0.271348514702862,0
26,21.0,50,1,21,0.5,1,1.0,1.5884058555817475,1.0,1.228829447449687,1.228829447449687,0.4134905482554325,1,1270,1.1376320799866468,-0.271348514702862,0
26,22.0,50,1,22,0.5,1,1.0,0.6796660843554199,1.0,1.5884058555817475,1.5884058555817475,0.442816020842661,1,1271,1.1376320799866468,-0.271348514702862,0
26,23.0,50,1,23,0.5,1,0.0,0.07981436667068907,1.0,0.6796660843554199,0.6796660843554199,0.47067521980052796,1,1272,1.1376320799866468,-0.271348514702862,0
26,24.0,50,1,24,0.5,1,0.0,1.0388782940717274,0.0,0.07981436667068907,0.0,0.4471414588105015,1,1273,1.1376320799866468,-0.271348514702862,0
26,25.0,50,1,25,0.5,1,0.0,1.3664229464135864,0.0,1.0388782940717274,0.0,0.42478438586997636,1,1274,1.1376320799866468,-0.271348514702862,0
26,26.0,50,1,26,0.5,1,1.0,1.1226801381010736,0.0,1.3664229464135864,0.0,0.4035451665764775,1,1275,1.1376320799866468,-0.271348514702862,0
26,27.0,50,1,27,0.5,1,1.0,0.6017634518152524,1.0,1.1226801381010736,1.1226801381010736,0.43336790824765364,1,1276,1.1376320799866468,-0.271348514702862,0
26,28.0,50,1,28,0.5,1,1.0,2.3645758284849956,1.0,0.6017634518152524,0.6017634518152524,0.46169951283527094,1,1277,1.1376320799866468,-0.271348514702862,0
26,29.0,50,1,29,0.5,1,1.0,2.489072522925743,1.0,2.3645758284849956,2.3645758284849956,0.48861453719350745,1,1278,1.1376320799866468,-0.271348514702862,0
26,30.0,50,1,30,0.5,1,1.0,1.6162024453322674,1.0,2.489072522925743,2.489072522925743,0.5141838103338321,1,1279,1.1376320799866468,-0.271348514702862,0
26,31.0,50,1,31,0.5,1,1.0,1.6247911982983694,1.0,1.6162024453322674,1.6162024453322674,0.5384746198171405,1,1280,1.1376320799866468,-0.271348514702862,0
26,32.0,50,1,32,0.5,1,1.0,0.6904120652796335,1.0,1.6247911982983694,1.6247911982983694,0.5615508888262835,1,1281,1.1376320799866468,-0.271348514702862,0
26,33.0,50,1,33,0.5,1,0.0,-0.19917488448088522,1.0,0.6904120652796335,0.6904120652796335,0.5834733443849692,1,1282,1.1376320799866468,-0.271348514702862,0
26,34.0,50,1,34,0.5,1,0.0,-0.0670346332625162,0.0,-0.19917488448088522,-0.0,0.5542996771657207,1,1283,1.1376320799866468,-0.271348514702862,0
26,35.0,50,1,35,0.5,1,1.0,-0.08597295965598861,0.0,-0.0670346332625162,-0.0,0.5265846933074346,1,1284,1.1376320799866468,-0.271348514702862,0
26,36.0,50,1,36,0.5,1,0.0,-0.23858332965647322,1.0,-0.08597295965598861,-0.08597295965598861,0.5502554586420629,1,1285,1.1376320799866468,-0.271348514702862,0
26,37.0,50,1,37,0.5,1,0.0,-1.17132781832106,0.0,-0.23858332965647322,-0.0,0.5227426857099597,1,1286,1.1376320799866468,-0.271348514702862,0
26,38.0,50,1,38,0.5,1,1.0,0.07574774661932193,0.0,-1.17132781832106,-0.0,0.4966055514244617,1,1287,1.1376320799866468,-0.271348514702862,0
26,39.0,50,1,39,0.5,1,1.0,1.2465763023301801,1.0,0.07574774661932193,0.07574774661932193,0.5217752738532386,1,1288,1.1376320799866468,-0.271348514702862,0
26,40.0,50,1,40,0.5,1,0.0,0.23081695807267855,1.0,1.2465763023301801,1.2465763023301801,0.5456865101605768,1,1289,1.1376320799866468,-0.271348514702862,0
26,41.0,50,1,41,0.5,1,1.0,1.4564535198419666,0.0,0.23081695807267855,0.0,0.518402184652548,1,1290,1.1376320799866468,-0.271348514702862,0
26,42.0,50,1,42,0.5,1,0.0,-1.202359432358562,1.0,1.4564535198419666,1.4564535198419666,0.5424820754199207,1,1291,1.1376320799866468,-0.271348514702862,0
26,43.0,50,1,43,0.5,1,1.0,-1.398022798727852,0.0,-1.202359432358562,-0.0,0.5153579716489246,1,1292,1.1376320799866468,-0.271348514702862,0
26,44.0,50,1,44,0.5,1,0.0,-1.487240536099833,1.0,-1.398022798727852,-1.398022798727852,0.5395900730664784,1,1293,1.1376320799866468,-0.271348514702862,0
26,45.0,50,1,45,0.5,1,0.0,-1.3692462492959994,0.0,-1.487240536099833,-0.0,0.5126105694131545,1,1294,1.1376320799866468,-0.271348514702862,0
26,46.0,50,1,46,0.5,1,1.0,-0.18104022201689873,0.0,-1.3692462492959994,-0.0,0.4869800409424968,1,1295,1.1376320799866468,-0.271348514702862,0
26,47.0,50,1,47,0.5,1,0.0,-1.2301131617850734,1.0,-0.18104022201689873,-0.18104022201689873,0.512631038895372,1,1296,1.1376320799866468,-0.271348514702862,0
26,48.0,50,1,48,0.5,1,1.0,0.23552340107972808,0.0,-1.2301131617850734,-0.0,0.48699948695060336,1,1297,1.1376320799866468,-0.271348514702862,0
26,49.0,50,1,49,0.5,1,1.0,1.9902357723735025,1.0,0.23552340107972808,0.23552340107972808,0.5126495126030732,1,1298,1.1376320799866468,-0.271348514702862,0
26,50.0,50,1,50,0.5,1,0.0,0.6673396618115545,1.0,1.9902357723735025,1.9902357723735025,0.5370170369729196,1,1299,1.1376320799866468,-0.271348514702862,0
27,1.0,50,1,1,0.5,1,1.0,-0.02888021337784695,0.0,-0.5142316709593555,0.0,0.0,1,1300,-0.11045543898961496,1.252074941311953,0
27,2.0,50,1,2,0.5,1,1.0,-0.4199323161741069,1.0,-0.02888021337784695,-0.02888021337784695,0.050000000000000044,1,1301,-0.11045543898961496,1.252074941311953,0
27,3.0,50,1,3,0.5,1,0.0,-0.5007686911383848,1.0,-0.4199323161741069,-0.4199323161741069,0.09750000000000009,1,1302,-0.11045543898961496,1.252074941311953,0
27,4.0,50,1,4,0.5,1,1.0,-0.3894178198287765,0.0,-0.5007686911383848,-0.0,0.09262500000000007,1,1303,-0.11045543898961496,1.252074941311953,0
27,5.0,50,1,5,0.5,1,0.0,-0.9960725076141367,1.0,-0.3894178198287765,-0.3894178198287765,0.1379937500000001,1,1304,-0.11045543898961496,1.252074941311953,0
27,6.0,50,1,6,0.5,1,0.0,-0.7564308218318094,0.0,-0.9960725076141367,-0.0,0.13109406250000008,1,1305,-0.11045543898961496,1.252074941311953,0
27,7.0,50,1,7,0.5,1,1.0,0.07002007807680108,0.0,-0.7564308218318094,-0.0,0.12453935937500007,1,1306,-0.11045543898961496,1.252074941311953,0
27,8.0,50,1,8,0.5,1,0.0,1.1062973269858023,1.0,0.07002007807680108,0.07002007807680108,0.16831239140625012,1,1307,-0.11045543898961496,1.252074941311953,0
27,9.0,50,1,9,0.5,1,1.0,-0.13817524563519656,0.0,1.1062973269858023,0.0,0.15989677183593762,1,1308,-0.11045543898961496,1.252074941311953,0
27,10.0,50,1,10,0.5,1,1.0,0.6268703875664869,1.0,-0.13817524563519656,-0.13817524563519656,0.2019019332441408,1,1309,-0.11045543898961496,1.252074941311953,0
27,11.0,50,1,11,0.5,1,1.0,1.297197452849872,1.0,0.6268703875664869,0.6268703875664869,0.24180683658193378,1,1310,-0.11045543898961496,1.252074941311953,0
27,12.0,50,1,12,0.5,1,1.0,0.7091458985399055,1.0,1.297197452849872,1.297197452849872,0.2797164947528371,1,1311,-0.11045543898961496,1.252074941311953,0
27,13.0,50,1,13,0.5,1,0.0,1.3957683296699963,1.0,0.7091458985399055,0.7091458985399055,0.3157306700151953,1,1312,-0.11045543898961496,1.252074941311953,0
27,14.0,50,1,14,0.5,1,0.0,0.8604609507310375,0.0,1.3957683296699963,0.0,0.2999441365144355,1,1313,-0.11045543898961496,1.252074941311953,0
27,15.0,50,1,15,0.5,1,0.0,-0.591466645146083,0.0,0.8604609507310375,0.0,0.28494692968871377,1,1314,-0.11045543898961496,1.252074941311953,0
27,16.0,50,1,16,0.5,1,0.0,-0.07652702611230437,0.0,-0.591466645146083,-0.0,0.27069958320427806,1,1315,-0.11045543898961496,1.252074941311953,0
27,17.0,50,1,17,0.5,1,1.0,-0.09139788354591616,0.0,-0.07652702611230437,-0.0,0.25716460404406416,1,1316,-0.11045543898961496,1.252074941311953,0
27,18.0,50,1,18,0.5,1,0.0,1.689540434351273,1.0,-0.09139788354591616,-0.09139788354591616,0.294306373841861,1,1317,-0.11045543898961496,1.252074941311953,0
27,19.0,50,1,19,0.5,1,1.0,2.6544355339306285,0.0,1.689540434351273,0.0,0.2795910551497679,1,1318,-0.11045543898961496,1.252074941311953,0
27,20.0,50,1,20,0.5,1,0.0,0.4782483581393998,1.0,2.6544355339306285,2.6544355339306285,0.31561150239227953,1,1319,-0.11045543898961496,1.252074941311953,0
27,21.0,50,1,21,0.5,1,1.0,-0.8362994886999005,0.0,0.4782483581393998,0.0,0.2998309272726655,1,1320,-0.11045543898961496,1.252074941311953,0
27,22.0,50,1,22,0.5,1,0.0,-0.28184140939924024,1.0,-0.8362994886999005,-0.8362994886999005,0.33483938090903226,1,1321,-0.11045543898961496,1.252074941311953,0
27,23.0,50,1,23,0.5,1,1.0,-0.4334883010538526,0.0,-0.28184140939924024,-0.0,0.3180974118635806,1,1322,-0.11045543898961496,1.252074941311953,0
27,24.0,50,1,24,0.5,1,1.0,-0.6130798768402888,1.0,-0.4334883010538526,-0.4334883010538526,0.35219254127040156,1,1323,-0.11045543898961496,1.252074941311953,0
27,25.0,50,1,25,0.5,1,0.0,-1.6791168046747698,1.0,-0.6130798768402888,-0.6130798768402888,0.3845829142068815,1,1324,-0.11045543898961496,1.252074941311953,0
27,26.0,50,1,26,0.5,1,1.0,-1.2655767688312738,0.0,-1.6791168046747698,-0.0,0.36535376849653745,1,1325,-0.11045543898961496,1.252074941311953,0
27,27.0,50,1,27,0.5,1,1.0,-1.5480998796741994,1.0,-1.2655767688312738,-1.2655767688312738,0.3970860800717106,1,1326,-0.11045543898961496,1.252074941311953,0
27,28.0,50,1,28,0.5,1,0.0,-1.8762895837609166,1.0,-1.5480998796741994,-1.5480998796741994,0.42723177606812507,1,1327,-0.11045543898961496,1.252074941311953,0
27,29.0,50,1,29,0.5,1,0.0,-1.2016995729341915,0.0,-1.8762895837609166,-0.0,0.40587018726471874,1,1328,-0.11045543898961496,1.252074941311953,0
27,30.0,50,1,30,0.5,1,1.0,-0.6533469707540027,0.0,-1.2016995729341915,-0.0,0.38557667790148276,1,1329,-0.11045543898961496,1.252074941311953,0
27,31.0,50,1,31,0.5,1,0.0,-0.9234384927384885,1.0,-0.6533469707540027,-0.6533469707540027,0.4162978440064086,1,1330,-0.11045543898961496,1.252074941311953,0
27,32.0,50,1,32,0.5,1,1.0,-0.5487324220924001,0.0,-0.9234384927384885,-0.0,0.39548295180608817,1,1331,-0.11045543898961496,1.252074941311953,0
27,33.0,50,1,33,0.5,1,0.0,0.5137167482710302,1.0,-0.5487324220924001,-0.5487324220924001,0.4257088042157838,1,1332,-0.11045543898961496,1.252074941311953,0
27,34.0,50,1,34,0.5,1,0.0,1.132631221846802,0.0,0.5137167482710302,0.0,0.40442336400499457,1,1333,-0.11045543898961496,1.252074941311953,0
27,35.0,50,1,35,0.5,1,1.0,1.774349390115877,0.0,1.132631221846802,0.0,0.38420219580474485,1,1334,-0.11045543898961496,1.252074941311953,0
27,36.0,50,1,36,0.5,1,1.0,-0.014641177096657465,1.0,1.774349390115877,1.774349390115877,0.4149920860145077,1,1335,-0.11045543898961496,1.252074941311953,0
27,37.0,50,1,37,0.5,1,1.0,0.7095239323858165,1.0,-0.014641177096657465,-0.014641177096657465,0.44424248171378233,1,1336,-0.11045543898961496,1.252074941311953,0
27,38.0,50,1,38,0.5,1,0.0,-0.9031929303105125,1.0,0.7095239323858165,0.7095239323858165,0.47203035762809326,1,1337,-0.11045543898961496,1.252074941311953,0
27,39.0,50,1,39,0.5,1,0.0,-0.9812146502553961,0.0,-0.9031929303105125,-0.0,0.44842883974668857,1,1338,-0.11045543898961496,1.252074941311953,0
27,40.0,50,1,40,0.5,1,1.0,1.1109295246288167,0.0,-0.9812146502553961,-0.0,0.4260073977593541,1,1339,-0.11045543898961496,1.252074941311953,0
27,41.0,50,1,41,0.5,1,1.0,2.258195482032736,1.0,1.1109295246288167,1.1109295246288167,0.4547070278713864,1,1340,-0.11045543898961496,1.252074941311953,0
27,42.0,50,1,42,0.5,1,1.0,1.9740311828383597,1.0,2.258195482032736,2.258195482032736,0.4819716764778171,1,1341,-0.11045543898961496,1.252074941311953,0
27,43.0,50,1,43,0.5,1,1.0,1.8175046346723136,1.0,1.9740311828383597,1.9740311828383597,0.5078730926539262,1,1342,-0.11045543898961496,1.252074941311953,0
27,44.0,50,1,44,0.5,1,0.0,1.7151935285706235,1.0,1.8175046346723136,1.8175046346723136,0.5324794380212299,1,1343,-0.11045543898961496,1.252074941311953,0
27,45.0,50,1,45,0.5,1,0.0,2.35795453395241,0.0,1.7151935285706235,0.0,0.5058554661201684,1,1344,-0.11045543898961496,1.252074941311953,0
27,46.0,50,1,46,0.5,1,1.0,2.7401649555264753,0.0,2.35795453395241,0.0,0.48056269281416,1,1345,-0.11045543898961496,1.252074941311953,0
27,47.0,50,1,47,0.5,1,0.0,0.7709560877863858,1.0,2.7401649555264753,2.7401649555264753,0.5065345581734519,1,1346,-0.11045543898961496,1.252074941311953,0
27,48.0,50,1,48,0.5,1,1.0,0.5898088539126567,0.0,0.7709560877863858,0.0,0.4812078302647793,1,1347,-0.11045543898961496,1.252074941311953,0
27,49.0,50,1,49,0.5,1,1.0,1.4493572826141996,1.0,0.5898088539126567,0.5898088539126567,0.5071474387515404,1,1348,-0.11045543898961496,1.252074941311953,0
27,50.0,50,1,50,0.5,1,0.0,1.4428737391542235,1.0,1.4493572826141996,1.4493572826141996,0.5317900668139635,1,1349,-0.11045543898961496,1.252074941311953,0
28,1.0,50,1,1,0.5,1,0.0,-1.7365222462483407,0.0,-0.2964593767545552,0.0,0.0,1,1350,0.2606747853324424,-0.35653008247762535,0
28,2.0,50,1,2,0.5,1,0.0,-2.13695247065468,0.0,-1.7365222462483407,-0.0,0.0,1,1351,0.2606747853324424,-0.35653008247762535,0
28,3.0,50,1,3,0.5,1,0.0,-0.6574409302126898,0.0,-2.13695247065468,-0.0,0.0,1,1352,0.2606747853324424,-0.35653008247762535,0
28,4.0,50,1,4,0.5,1,1.0,-0.7649501952695731,0.0,-0.6574409302126898,-0.0,0.0,1,1353,0.2606747853324424,-0.35653008247762535,0
28,5.0,50,1,5,0.5,1,1.0,0.15643956284980978,1.0,-0.7649501952695731,-0.7649501952695731,0.050000000000000044,1,1354,0.2606747853324424,-0.35653008247762535,0
28,6.0,50,1,6,0.5,1,1.0,0.6453976210705761,1.0,0.15643956284980978,0.15643956284980978,0.09750000000000009,1,1355,0.2606747853324424,-0.35653008247762535,0
28,7.0,50,1,7,0.5,1,0.0,-1.0355378456127429,1.0,0.6453976210705761,0.6453976210705761,0.14262500000000014,1,1356,0.2606747853324424,-0.35653008247762535,0
28,8.0,50,1,8,0.5,1,1.0,-1.2813399369243572,0.0,-1.0355378456127429,-0.0,0.13549375000000013,1,1357,0.2606747853324424,-0.35653008247762535,0
28,9.0,50,1,9,0.5,1,0.0,0.38747933710291566,1.0,-1.2813399369243572,-1.2813399369243572,0.17871906250000016,1,1358,0.2606747853324424,-0.35653008247762535,0
28,10.0,50,1,10,0.5,1,1.0,0.9584444708808051,0.0,0.38747933710291566,0.0,0.16978310937500016,1,1359,0.2606747853324424,-0.35653008247762535,0
28,11.0,50,1,11,0.5,1,0.0,1.904523319564241,1.0,0.9584444708808051,0.9584444708808051,0.21129395390625022,1,1360,0.2606747853324424,-0.35653008247762535,0
28,12.0,50,1,12,0.5,1,1.0,1.6259051579377877,0.0,1.904523319564241,0.0,0.20072925621093768,1,1361,0.2606747853324424,-0.35653008247762535,0
28,13.0,50,1,13,0.5,1,0.0,0.9529678547579677,1.0,1.6259051579377877,1.6259051579377877,0.24069279340039085,1,1362,0.2606747853324424,-0.35653008247762535,0
28,14.0,50,1,14,0.5,1,0.0,0.7810448712487783,0.0,0.9529678547579677,0.0,0.2286581537303713,1,1363,0.2606747853324424,-0.35653008247762535,0
28,15.0,50,1,15,0.5,1,1.0,1.9666272901112634,0.0,0.7810448712487783,0.0,0.21722524604385274,1,1364,0.2606747853324424,-0.35653008247762535,0
28,16.0,50,1,16,0.5,1,1.0,1.446993314315255,1.0,1.9666272901112634,1.9666272901112634,0.25636398374166014,1,1365,0.2606747853324424,-0.35653008247762535,0
28,17.0,50,1,17,0.5,1,1.0,0.583032439616424,1.0,1.446993314315255,1.446993314315255,0.29354578455457714,1,1366,0.2606747853324424,-0.35653008247762535,0
28,18.0,50,1,18,0.5,1,0.0,0.4877529071294961,1.0,0.583032439616424,0.583032439616424,0.3288684953268483,1,1367,0.2606747853324424,-0.35653008247762535,0
28,19.0,50,1,19,0.5,1,1.0,0.8130942389224907,0.0,0.4877529071294961,0.0,0.3124250705605059,1,1368,0.2606747853324424,-0.35653008247762535,0
28,20.0,50,1,20,0.5,1,0.0,0.476159525988129,1.0,0.8130942389224907,0.8130942389224907,0.34680381703248064,1,1369,0.2606747853324424,-0.35653008247762535,0
28,21.0,50,1,21,0.5,1,1.0,0.4169889987376223,0.0,0.476159525988129,0.0,0.32946362618085656,1,1370,0.2606747853324424,-0.35653008247762535,0
28,22.0,50,1,22,0.5,1,1.0,-0.11275889588941429,1.0,0.4169889987376223,0.4169889987376223,0.36299044487181376,1,1371,0.2606747853324424,-0.35653008247762535,0
28,23.0,50,1,23,0.5,1,0.0,-1.0666517563761737,1.0,-0.11275889588941429,-0.11275889588941429,0.3948409226282231,1,1372,0.2606747853324424,-0.35653008247762535,0
28,24.0,50,1,24,0.5,1,0.0,-0.6730855971231346,0.0,-1.0666517563761737,-0.0,0.37509887649681195,1,1373,0.2606747853324424,-0.35653008247762535,0
28,25.0,50,1,25,0.5,1,1.0,-1.0195845512658441,0.0,-0.6730855971231346,-0.0,0.35634393267197134,1,1374,0.2606747853324424,-0.35653008247762535,0
28,26.0,50,1,26,0.5,1,0.0,-2.316289822877959,1.0,-1.0195845512658441,-1.0195845512658441,0.3885267360383728,1,1375,0.2606747853324424,-0.35653008247762535,0
28,27.0,50,1,27,0.5,1,0.0,-1.576746138040021,0.0,-2.316289822877959,-0.0,0.3691003992364541,1,1376,0.2606747853324424,-0.35653008247762535,0
28,28.0,50,1,28,0.5,1,0.0,-1.643821364411505,0.0,-1.576746138040021,-0.0,0.3506453792746314,1,1377,0.2606747853324424,-0.35653008247762535,0
28,29.0,50,1,29,0.5,1,1.0,-1.0643168603081044,0.0,-1.643821364411505,-0.0,0.3331131103108998,1,1378,0.2606747853324424,-0.35653008247762535,0
28,30.0,50,1,30,0.5,1,1.0,-2.264799236512643,1.0,-1.0643168603081044,-1.0643168603081044,0.36645745479535485,1,1379,0.2606747853324424,-0.35653008247762535,0
28,31.0,50,1,31,0.5,1,0.0,-1.4085986419842262,1.0,-2.264799236512643,-2.264799236512643,0.39813458205558716,1,1380,0.2606747853324424,-0.35653008247762535,0
28,32.0,50,1,32,0.5,1,0.0,-0.7206338753902335,0.0,-1.4085986419842262,-0.0,0.3782278529528078,1,1381,0.2606747853324424,-0.35653008247762535,0
28,33.0,50,1,33,0.5,1,0.0,-0.7012284603423938,0.0,-0.7206338753902335,-0.0,0.3593164603051674,1,1382,0.2606747853324424,-0.35653008247762535,0
28,34.0,50,1,34,0.5,1,1.0,-1.5379384166106285,0.0,-0.7012284603423938,-0.0,0.341350637289909,1,1383,0.2606747853324424,-0.35653008247762535,0
28,35.0,50,1,35,0.5,1,1.0,-1.8285345423299573,1.0,-1.5379384166106285,-1.5379384166106285,0.3742831054254136,1,1384,0.2606747853324424,-0.35653008247762535,0
28,36.0,50,1,36,0.5,1,0.0,-0.4604244880950623,1.0,-1.8285345423299573,-1.8285345423299573,0.40556895015414296,1,1385,0.2606747853324424,-0.35653008247762535,0
28,37.0,50,1,37,0.5,1,1.0,-0.6507744254175309,0.0,-0.4604244880950623,-0.0,0.3852905026464358,1,1386,0.2606747853324424,-0.35653008247762535,0
28,38.0,50,1,38,0.5,1,1.0,-1.136885354418671,1.0,-0.6507744254175309,-0.6507744254175309,0.4160259775141141,1,1387,0.2606747853324424,-0.35653008247762535,0
28,39.0,50,1,39,0.5,1,0.0,-0.8135278711495311,1.0,-1.136885354418671,-1.136885354418671,0.4452246786384084,1,1388,0.2606747853324424,-0.35653008247762535,0
28,40.0,50,1,40,0.5,1,0.0,-0.6530684873935358,0.0,-0.8135278711495311,-0.0,0.42296344470648795,1,1389,0.2606747853324424,-0.35653008247762535,0
28,41.0,50,1,41,0.5,1,1.0,-1.6121158050781401,0.0,-0.6530684873935358,-0.0,0.40181527247116355,1,1390,0.2606747853324424,-0.35653008247762535,0
28,42.0,50,1,42,0.5,1,0.0,-2.623233984849705,1.0,-1.6121158050781401,-1.6121158050781401,0.43172450884760544,1,1391,0.2606747853324424,-0.35653008247762535,0
28,43.0,50,1,43,0.5,1,0.0,-2.4611590834452364,0.0,-2.623233984849705,-0.0,0.4101382834052251,1,1392,0.2606747853324424,-0.35653008247762535,0
28,44.0,50,1,44,0.5,1,0.0,-2.153215933579462,0.0,-2.4611590834452364,-0.0,0.38963136923496383,1,1393,0.2606747853324424,-0.35653008247762535,0
28,45.0,50,1,45,0.5,1,1.0,-1.882941997055645,0.0,-2.153215933579462,-0.0,0.37014980077321563,1,1394,0.2606747853324424,-0.35653008247762535,0
28,46.0,50,1,46,0.5,1,1.0,-0.11105124340041722,1.0,-1.882941997055645,-1.882941997055645,0.4016423107345549,1,1395,0.2606747853324424,-0.35653008247762535,0
28,47.0,50,1,47,0.5,1,0.0,-0.6065883269940201,1.0,-0.11105124340041722,-0.11105124340041722,0.4315601951978272,1,1396,0.2606747853324424,-0.35653008247762535,0
28,48.0,50,1,48,0.5,1,1.0,-0.3878524812472026,0.0,-0.6065883269940201,-0.0,0.4099821854379358,1,1397,0.2606747853324424,-0.35653008247762535,0
28,49.0,50,1,49,0.5,1,0.0,-0.9232243417317111,1.0,-0.3878524812472026,-0.3878524812472026,0.4394830761660391,1,1398,0.2606747853324424,-0.35653008247762535,0
28,50.0,50,1,50,0.5,1,1.0,-0.6878615097451664,0.0,-0.9232243417317111,-0.0,0.41750892235773707,1,1399,0.2606747853324424,-0.35653008247762535,0
29,1.0,50,1,1,0.5,1,1.0,-0.1914570469937973,0.0,0.275136276036928,0.0,0.0,1,1400,0.11839784913801016,-1.0513146142469791,0
29,2.0,50,1,2,0.5,1,1.0,1.351144815486199,1.0,-0.1914570469937973,-0.1914570469937973,0.050000000000000044,1,1401,0.11839784913801016,-1.0513146142469791,0
29,3.0,50,1,3,0.5,1,0.0,0.26541976474397644,1.0,1.351144815486199,1.351144815486199,0.09750000000000009,1,1402,0.11839784913801016,-1.0513146142469791,0
29,4.0,50,1,4,0.5,1,1.0,-0.6408417588723014,0.0,0.26541976474397644,0.0,0.09262500000000007,1,1403,0.11839784913801016,-1.0513146142469791,0
29,5.0,50,1,5,0.5,1,1.0,-1.0499092843522697,1.0,-0.6408417588723014,-0.6408417588723014,0.1379937500000001,1,1404,0.11839784913801016,-1.0513146142469791,0
29,6.0,50,1,6,0.5,1,0.0,-1.7137254288552524,1.0,-1.0499092843522697,-1.0499092843522697,0.18109406250000012,1,1405,0.11839784913801016,-1.0513146142469791,0
29,7.0,50,1,7,0.5,1,0.0,0.01368487007159036,0.0,-1.7137254288552524,-0.0,0.17203935937500012,1,1406,0.11839784913801016,-1.0513146142469791,0
29,8.0,50,1,8,0.5,1,1.0,0.03601539030372838,0.0,0.01368487007159036,0.0,0.1634373914062501,1,1407,0.11839784913801016,-1.0513146142469791,0
29,9.0,50,1,9,0.5,1,0.0,-0.2032256101609472,1.0,0.03601539030372838,0.03601539030372838,0.20526552183593766,1,1408,0.11839784913801016,-1.0513146142469791,0
29,10.0,50,1,10,0.5,1,1.0,-0.40079880874870955,0.0,-0.2032256101609472,-0.0,0.19500224574414077,1,1409,0.11839784913801016,-1.0513146142469791,0
29,11.0,50,1,11,0.5,1,1.0,-0.3180264664931652,1.0,-0.40079880874870955,-0.40079880874870955,0.23525213345693377,1,1410,0.11839784913801016,-1.0513146142469791,0
29,12.0,50,1,12,0.5,1,0.0,-0.5643831948134509,1.0,-0.3180264664931652,-0.3180264664931652,0.2734895267840871,1,1411,0.11839784913801016,-1.0513146142469791,0
29,13.0,50,1,13,0.5,1,1.0,-0.061394813674531284,0.0,-0.5643831948134509,-0.0,0.2598150504448828,1,1412,0.11839784913801016,-1.0513146142469791,0
29,14.0,50,1,14,0.5,1,1.0,0.7236187161992547,1.0,-0.061394813674531284,-0.061394813674531284,0.29682429792263865,1,1413,0.11839784913801016,-1.0513146142469791,0
29,15.0,50,1,15,0.5,1,1.0,-0.3885080780338972,1.0,0.7236187161992547,0.7236187161992547,0.33198308302650675,1,1414,0.11839784913801016,-1.0513146142469791,0
29,16.0,50,1,16,0.5,1,1.0,0.22123356827279922,1.0,-0.3885080780338972,-0.3885080780338972,0.36538392887518145,1,1415,0.11839784913801016,-1.0513146142469791,0
29,17.0,50,1,17,0.5,1,0.0,-0.9933146725308053,1.0,0.22123356827279922,0.22123356827279922,0.3971147324314224,1,1416,0.11839784913801016,-1.0513146142469791,0
29,18.0,50,1,18,0.5,1,1.0,-0.605187871449459,0.0,-0.9933146725308053,-0.0,0.3772589958098513,1,1417,0.11839784913801016,-1.0513146142469791,0
29,19.0,50,1,19,0.5,1,0.0,0.011557304385952524,1.0,-0.605187871449459,-0.605187871449459,0.40839604601935875,1,1418,0.11839784913801016,-1.0513146142469791,0
29,20.0,50,1,20,0.5,1,1.0,0.4411571304716697,0.0,0.011557304385952524,0.0,0.3879762437183908,1,1419,0.11839784913801016,-1.0513146142469791,0
29,21.0,50,1,21,0.5,1,0.0,0.31948393933279295,1.0,0.4411571304716697,0.4411571304716697,0.41857743153247123,1,1420,0.11839784913801016,-1.0513146142469791,0
29,22.0,50,1,22,0.5,1,0.0,0.38149431066008294,0.0,0.31948393933279295,0.0,0.39764855995584764,1,1421,0.11839784913801016,-1.0513146142469791,0
29,23.0,50,1,23,0.5,1,0.0,0.17138973547964775,0.0,0.38149431066008294,0.0,0.3777661319580552,1,1422,0.11839784913801016,-1.0513146142469791,0
29,24.0,50,1,24,0.5,1,0.0,0.5890834442900831,0.0,0.17138973547964775,0.0,0.35887782536015245,1,1423,0.11839784913801016,-1.0513146142469791,0
29,25.0,50,1,25,0.5,1,0.0,1.4073988987511135,0.0,0.5890834442900831,0.0,0.3409339340921448,1,1424,0.11839784913801016,-1.0513146142469791,0
29,26.0,50,1,26,0.5,1,1.0,1.4456779380177964,0.0,1.4073988987511135,0.0,0.32388723738753755,1,1425,0.11839784913801016,-1.0513146142469791,0
29,27.0,50,1,27,0.5,1,1.0,0.7810353586300858,1.0,1.4456779380177964,1.4456779380177964,0.3576928755181607,1,1426,0.11839784913801016,-1.0513146142469791,0
29,28.0,50,1,28,0.5,1,1.0,1.221415598952206,1.0,0.7810353586300858,0.7810353586300858,0.3898082317422527,1,1427,0.11839784913801016,-1.0513146142469791,0
29,29.0,50,1,29,0.5,1,1.0,1.8103962886609475,1.0,1.221415598952206,1.221415598952206,0.4203178201551401,1,1428,0.11839784913801016,-1.0513146142469791,0
29,30.0,50,1,30,0.5,1,1.0,0.18497240160139578,1.0,1.8103962886609475,1.8103962886609475,0.4493019291473831,1,1429,0.11839784913801016,-1.0513146142469791,0
29,31.0,50,1,31,0.5,1,1.0,0.43364166897692635,1.0,0.18497240160139578,0.18497240160139578,0.4768368326900139,1,1430,0.11839784913801016,-1.0513146142469791,0
29,32.0,50,1,32,0.5,1,1.0,-0.5093590444039047,1.0,0.43364166897692635,0.43364166897692635,0.5029949910555133,1,1431,0.11839784913801016,-1.0513146142469791,0
29,33.0,50,1,33,0.5,1,1.0,-1.7573619922506865,1.0,-0.5093590444039047,-0.5093590444039047,0.5278452415027376,1,1432,0.11839784913801016,-1.0513146142469791,0
29,34.0,50,1,34,0.5,1,0.0,-1.6979368488623334,1.0,-1.7573619922506865,-1.7573619922506865,0.5514529794276007,1,1433,0.11839784913801016,-1.0513146142469791,0
29,35.0,50,1,35,0.5,1,0.0,-1.2979094619459797,0.0,-1.6979368488623334,-0.0,0.5238803304562206,1,1434,0.11839784913801016,-1.0513146142469791,0
29,36.0,50,1,36,0.5,1,0.0,-0.9168819493771422,0.0,-1.2979094619459797,-0.0,0.4976863139334096,1,1435,0.11839784913801016,-1.0513146142469791,0
29,37.0,50,1,37,0.5,1,0.0,0.04446554602716947,0.0,-0.9168819493771422,-0.0,0.47280199823673913,1,1436,0.11839784913801016,-1.0513146142469791,0
29,38.0,50,1,38,0.5,1,0.0,0.11024695090984578,0.0,0.04446554602716947,0.0,0.4491618983249021,1,1437,0.11839784913801016,-1.0513146142469791,0
29,39.0,50,1,39,0.5,1,0.0,-1.321230984853373,0.0,0.11024695090984578,0.0,0.426703803408657,1,1438,0.11839784913801016,-1.0513146142469791,0
29,40.0,50,1,40,0.5,1,0.0,-1.0453514624145754,0.0,-1.321230984853373,-0.0,0.4053686132382241,1,1439,0.11839784913801016,-1.0513146142469791,0
29,41.0,50,1,41,0.5,1,1.0,-0.35531493929381613,0.0,-1.0453514624145754,-0.0,0.38510018257631284,1,1440,0.11839784913801016,-1.0513146142469791,0
29,42.0,50,1,42,0.5,1,1.0,1.6954751860085457,1.0,-0.35531493929381613,-0.35531493929381613,0.4158451734474973,1,1441,0.11839784913801016,-1.0513146142469791,0
29,43.0,50,1,43,0.5,1,1.0,2.2088807736577434,1.0,1.6954751860085457,1.6954751860085457,0.44505291477512243,1,1442,0.11839784913801016,-1.0513146142469791,0
29,44.0,50,1,44,0.5,1,0.0,1.459385955950669,1.0,2.2088807736577434,2.2088807736577434,0.4728002690363663,1,1443,0.11839784913801016,-1.0513146142469791,0
29,45.0,50,1,45,0.5,1,1.0,0.6107845793618989,0.0,1.459385955950669,0.0,0.449160255584548,1,1444,0.11839784913801016,-1.0513146142469791,0
29,46.0,50,1,46,0.5,1,0.0,-0.42060012279012865,1.0,0.6107845793618989,0.6107845793618989,0.4767022428053206,1,1445,0.11839784913801016,-1.0513146142469791,0
29,47.0,50,1,47,0.5,1,0.0,0.2290055695190772,0.0,-0.42060012279012865,-0.0,0.4528671306650546,1,1446,0.11839784913801016,-1.0513146142469791,0
29,48.0,50,1,48,0.5,1,1.0,-0.028187550007017892,0.0,0.2290055695190772,0.0,0.43022377413180185,1,1447,0.11839784913801016,-1.0513146142469791,0
29,49.0,50,1,49,0.5,1,0.0,-0.5967720262165916,1.0,-0.028187550007017892,-0.028187550007017892,0.4587125854252118,1,1448,0.11839784913801016,-1.0513146142469791,0
29,50.0,50,1,50,0.5,1,1.0,1.291479617572589,0.0,-0.5967720262165916,-0.0,0.43577695615395123,1,1449,0.11839784913801016,-1.0513146142469791,0
30,1.0,50,1,1,0.5,1,0.0,-0.5883810430424791,0.0,-0.16659216986922526,0.0,0.0,1,1450,0.6487681612961765,0.4641483543315701,0
30,2.0,50,1,2,0.5,1,0.0,-1.0549206732245906,0.0,-0.5883810430424791,-0.0,0.0,1,1451,0.6487681612961765,0.4641483543315701,0
30,3.0,50,1,3,0.5,1,0.0,-1.3672287313465248,0.0,-1.0549206732245906,-0.0,0.0,1,1452,0.6487681612961765,0.4641483543315701,0
30,4.0,50,1,4,0.5,1,1.0,-1.5261682046689948,0.0,-1.3672287313465248,-0.0,0.0,1,1453,0.6487681612961765,0.4641483543315701,0
30,5.0,50,1,5,0.5,1,1.0,-1.482916225754818,1.0,-1.5261682046689948,-1.5261682046689948,0.050000000000000044,1,1454,0.6487681612961765,0.4641483543315701,0
30,6.0,50,1,6,0.5,1,0.0,-0.20664200837006091,1.0,-1.482916225754818,-1.482916225754818,0.09750000000000009,1,1455,0.6487681612961765,0.4641483543315701,0
30,7.0,50,1,7,0.5,1,1.0,0.928348347060745,0.0,-0.20664200837006091,-0.0,0.09262500000000007,1,1456,0.6487681612961765,0.4641483543315701,0
30,8.0,50,1,8,0.5,1,1.0,0.8598818747422082,1.0,0.928348347060745,0.928348347060745,0.1379937500000001,1,1457,0.6487681612961765,0.4641483543315701,0
30,9.0,50,1,9,0.5,1,1.0,0.22668857805061063,1.0,0.8598818747422082,0.8598818747422082,0.18109406250000012,1,1458,0.6487681612961765,0.4641483543315701,0
30,10.0,50,1,10,0.5,1,0.0,1.118947886189861,1.0,0.22668857805061063,0.22668857805061063,0.2220393593750002,1,1459,0.6487681612961765,0.4641483543315701,0
30,11.0,50,1,11,0.5,1,1.0,0.15269775330809696,0.0,1.118947886189861,0.0,0.21093739140625015,1,1460,0.6487681612961765,0.4641483543315701,0
30,12.0,50,1,12,0.5,1,1.0,0.3275035680973707,1.0,0.15269775330809696,0.15269775330809696,0.2503905218359377,1,1461,0.6487681612961765,0.4641483543315701,0
30,13.0,50,1,13,0.5,1,0.0,0.13345178360546994,1.0,0.3275035680973707,0.3275035680973707,0.2878709957441408,1,1462,0.6487681612961765,0.4641483543315701,0
30,14.0,50,1,14,0.5,1,0.0,0.5299715105243782,0.0,0.13345178360546994,0.0,0.2734774459569338,1,1463,0.6487681612961765,0.4641483543315701,0
30,15.0,50,1,15,0.5,1,1.0,0.7910296837120492,0.0,0.5299715105243782,0.0,0.2598035736590871,1,1464,0.6487681612961765,0.4641483543315701,0
30,16.0,50,1,16,0.5,1,0.0,1.0167776417815768,1.0,0.7910296837120492,0.7910296837120492,0.2968133949761328,1,1465,0.6487681612961765,0.4641483543315701,0
30,17.0,50,1,17,0.5,1,1.0,2.724793446369629,0.0,1.0167776417815768,0.0,0.28197272522732614,1,1466,0.6487681612961765,0.4641483543315701,0
30,18.0,50,1,18,0.5,1,0.0,1.9047839082121911,1.0,2.724793446369629,2.724793446369629,0.31787408896595987,1,1467,0.6487681612961765,0.4641483543315701,0
30,19.0,50,1,19,0.5,1,0.0,1.2493567884532149,0.0,1.9047839082121911,0.0,0.30198038451766185,1,1468,0.6487681612961765,0.4641483543315701,0
30,20.0,50,1,20,0.5,1,0.0,-0.15641061210280033,0.0,1.2493567884532149,0.0,0.28688136529177877,1,1469,0.6487681612961765,0.4641483543315701,0
30,21.0,50,1,21,0.5,1,1.0,-0.26494139010730383,0.0,-0.15641061210280033,-0.0,0.2725372970271898,1,1470,0.6487681612961765,0.4641483543315701,0
30,22.0,50,1,22,0.5,1,0.0,-1.8383270403456011,1.0,-0.26494139010730383,-0.26494139010730383,0.30891043217583036,1,1471,0.6487681612961765,0.4641483543315701,0
30,23.0,50,1,23,0.5,1,0.0,-0.06275514373209946,0.0,-1.8383270403456011,-0.0,0.29346491056703883,1,1472,0.6487681612961765,0.4641483543315701,0
30,24.0,50,1,24,0.5,1,1.0,0.3365765989346241,0.0,-0.06275514373209946,-0.0,0.27879166503868685,1,1473,0.6487681612961765,0.4641483543315701,0
30,25.0,50,1,25,0.5,1,0.0,-1.7566096606666266,1.0,0.3365765989346241,0.3365765989346241,0.31485208178675256,1,1474,0.6487681612961765,0.4641483543315701,0
30,26.0,50,1,26,0.5,1,1.0,-1.047751258159337,0.0,-1.7566096606666266,-0.0,0.2991094776974149,1,1475,0.6487681612961765,0.4641483543315701,0
30,27.0,50,1,27,0.5,1,0.0,0.34336253059825866,1.0,-1.047751258159337,-1.047751258159337,0.3341540038125442,1,1476,0.6487681612961765,0.4641483543315701,0
30,28.0,50,1,28,0.5,1,1.0,-0.260535956943421,0.0,0.34336253059825866,0.0,0.31744630362191695,1,1477,0.6487681612961765,0.4641483543315701,0
30,29.0,50,1,29,0.5,1,0.0,-1.1411328910870437,1.0,-0.260535956943421,-0.260535956943421,0.35157398844082116,1,1478,0.6487681612961765,0.4641483543315701,0
30,30.0,50,1,30,0.5,1,1.0,-0.10335068815275833,0.0,-1.1411328910870437,-0.0,0.3339952890187801,1,1479,0.6487681612961765,0.4641483543315701,0
30,31.0,50,1,31,0.5,1,1.0,-0.31497668512178106,1.0,-0.10335068815275833,-0.10335068815275833,0.36729552456784115,1,1480,0.6487681612961765,0.4641483543315701,0
30,32.0,50,1,32,0.5,1,1.0,-0.9881606511347668,1.0,-0.31497668512178106,-0.31497668512178106,0.39893074833944914,1,1481,0.6487681612961765,0.4641483543315701,0
30,33.0,50,1,33,0.5,1,0.0,0.5963234880887713,1.0,-0.9881606511347668,-0.9881606511347668,0.4289842109224766,1,1482,0.6487681612961765,0.4641483543315701,0
30,34.0,50,1,34,0.5,1,1.0,1.982456020991357,0.0,0.5963234880887713,0.0,0.40753500037635276,1,1483,0.6487681612961765,0.4641483543315701,0
30,35.0,50,1,35,0.5,1,0.0,0.8717501214543038,1.0,1.982456020991357,1.982456020991357,0.43715825035753514,1,1484,0.6487681612961765,0.4641483543315701,0
30,36.0,50,1,36,0.5,1,1.0,1.2220029214051362,0.0,0.8717501214543038,0.0,0.41530033783965836,1,1485,0.6487681612961765,0.4641483543315701,0
30,37.0,50,1,37,0.5,1,1.0,0.6248452924070043,1.0,1.2220029214051362,1.2220029214051362,0.44453532094767556,1,1486,0.6487681612961765,0.4641483543315701,0
30,38.0,50,1,38,0.5,1,0.0,0.43464945941039845,1.0,0.6248452924070043,0.6248452924070043,0.4723085549002918,1,1487,0.6487681612961765,0.4641483543315701,0
30,39.0,50,1,39,0.5,1,0.0,0.5116880807773088,0.0,0.43464945941039845,0.0,0.4486931271552772,1,1488,0.6487681612961765,0.4641483543315701,0
30,40.0,50,1,40,0.5,1,1.0,0.7119303516019351,0.0,0.5116880807773088,0.0,0.42625847079751333,1,1489,0.6487681612961765,0.4641483543315701,0
30,41.0,50,1,41,0.5,1,0.0,1.8526490489934606,1.0,0.7119303516019351,0.7119303516019351,0.4549455472576377,1,1490,0.6487681612961765,0.4641483543315701,0
30,42.0,50,1,42,0.5,1,0.0,1.413507505774506,0.0,1.8526490489934606,0.0,0.4321982698947558,1,1491,0.6487681612961765,0.4641483543315701,0
30,43.0,50,1,43,0.5,1,1.0,0.7512631746228664,0.0,1.413507505774506,0.0,0.41058835640001795,1,1492,0.6487681612961765,0.4641483543315701,0
30,44.0,50,1,44,0.5,1,1.0,0.5228878231151609,1.0,0.7512631746228664,0.7512631746228664,0.4400589385800171,1,1493,0.6487681612961765,0.4641483543315701,0
30,45.0,50,1,45,0.5,1,1.0,0.5930047776677304,1.0,0.5228878231151609,0.5228878231151609,0.46805599165101625,1,1494,0.6487681612961765,0.4641483543315701,0
30,46.0,50,1,46,0.5,1,0.0,0.11281411456423962,1.0,0.5930047776677304,0.5930047776677304,0.4946531920684655,1,1495,0.6487681612961765,0.4641483543315701,0
30,47.0,50,1,47,0.5,1,1.0,1.0554593878416505,0.0,0.11281411456423962,0.0,0.4699205324650422,1,1496,0.6487681612961765,0.4641483543315701,0
30,48.0,50,1,48,0.5,1,0.0,0.7487794171715751,1.0,1.0554593878416505,1.0554593878416505,0.4964245058417901,1,1497,0.6487681612961765,0.4641483543315701,0
30,49.0,50,1,49,0.5,1,0.0,0.05191207554804879,0.0,0.7487794171715751,0.0,0.4716032805497006,1,1498,0.6487681612961765,0.4641483543315701,0
30,50.0,50,1,50,0.5,1,1.0,0.6755386071287904,0.0,0.05191207554804879,0.0,0.44802311652221555,1,1499,0.6487681612961765,0.4641483543315701,0
